hca_rid,hca_label,breve_pid,breve_name,breve_birth,breve_death,breve_hjemland,letters_with_hca,match_method,notes
Reg0048570,"Collin, Edvard (1808–1886)",218,Edvard Collin,1808,1886,Danmark,690,"surname+birth_year (auto, single candidate)",NOT individually human-verified -- candidate for review before use as an authority mapping
Reg0090490,"Melchior, Dorothea, f. Henriques (1823–1885)",701,Dorothea Melchior,1823,1885,Danmark,411,"surname+birth_year (auto, single candidate)",NOT individually human-verified -- candidate for review before use as an authority mapping
Reg0074580,"Ingemann, Bernhard Severin (1789–1862)",529,Bernhard Severin Ingemann,1789,1862,Danmark,396,"surname+birth_year (auto, single candidate)",NOT individually human-verified -- candidate for review before use as an authority mapping
Reg0087370,"Læssøe, Signe, f. Abrahamson (1781–1870)",671,Signe Læssøe,1781,1870,Danmark,187,"surname+birth_year (auto, single candidate)",NOT individually human-verified -- candidate for review before use as an authority mapping
Reg0079560,"Koch, Ida, f. Wulff (1806–1876)",586,Ida Koch,1806,1876,Danmark,137,"surname+birth_year (auto, single candidate)",NOT individually human-verified -- candidate for review before use as an authority mapping
Reg0131970,"Ørsted, Mathilde (1824–1906)",1128,Mathilde Ørsted,1824,1906,Danmark,137,"surname+birth_year (auto, single candidate)",NOT individually human-verified -- candidate for review before use as an authority mapping
Reg0085740,"Lorck, Carl B. (1814–1905)",652,Carl B Lorck,1814,1905,Danmark,136,"surname+birth_year (auto, single candidate)",NOT individually human-verified -- candidate for review before use as an authority mapping
Reg0048700,"Collin, Jonas d.Y. (1840–1905)",223,Jonas Collin,1840,1905,Danmark,135,"surname+birth_year (auto, single candidate)",NOT individually human-verified -- candidate for review before use as an authority mapping
Reg0130530,"Wulff, Christian (1810–1856)",20022,Christian Wulff,1810,1856,Danmark,97,"surname+birth_year (auto, single candidate)",NOT individually human-verified -- candidate for review before use as an authority mapping
Reg0114630,"Scudder, Horace E. (1838–1902)",946,Horace  E. Scudder,1838,1902,USA,96,"surname+birth_year (auto, single candidate)",NOT individually human-verified -- candidate for review before use as an authority mapping
Reg0067310,"Hartmann, J. P. E. (1805–1900)",424,I. P. E. Hartmann,1805,1900,Danmark,92,"surname+birth_year (auto, single candidate)",NOT individually human-verified -- candidate for review before use as an authority mapping
Reg0036620,"Bentley, Richard (1794–1871)",85,Richard Bentley,1794,1871,England,91,"surname+birth_year (auto, single candidate)",NOT individually human-verified -- candidate for review before use as an authority mapping
Reg0053360,"Drewsen, Adolph (1803–1885)",278,Adolph Drewsen,1803,1885,Danmark,88,"surname+birth_year (auto, single candidate)",NOT individually human-verified -- candidate for review before use as an authority mapping
Reg0037700,"Beskow, Bernhard von, Friherre (1796–1868)",92,Bernhard von Beskow,1796,1868,Sverige,82,"surname+birth_year (auto, single candidate)",NOT individually human-verified -- candidate for review before use as an authority mapping
Reg0069470,"Henriques, Martin R. (1825–1912)",456,Martin Henriques,1825,1912,Danmark,81,"surname+birth_year (auto, single candidate)",NOT individually human-verified -- candidate for review before use as an authority mapping
Reg0040930,"Bournonville, August (1805–1879)",130,August Bournonville,1805,1879,Danmark,79,"surname+birth_year (auto, single candidate)",NOT individually human-verified -- candidate for review before use as an authority mapping
Reg0090690,"Melchior, Moritz G. (1816–1884)",709,Moritz Gerson Melchior,1816,1884,Danmark,79,"surname+birth_year (auto, single candidate)",NOT individually human-verified -- candidate for review before use as an authority mapping
Reg0074180,"Høegh-Guldberg, Christian (1777–1867)",521,Chr. Høegh-Guldberg,1777,1867,Danmark,71,"surname+birth_year (auto, single candidate)",NOT individually human-verified -- candidate for review before use as an authority mapping
Reg0042200,"Bremer, Fredrika (1801–1865)",151,Fredrika Bremer,1801,1865,Sverige,70,"surname+birth_year (auto, single candidate)",NOT individually human-verified -- candidate for review before use as an authority mapping
Reg0105190,"Reitzel, Theodor (1828–1906)",857,Theodor Reitzel,1828,1906,Danmark,70,"surname+birth_year (auto, single candidate)",NOT individually human-verified -- candidate for review before use as an authority mapping
Reg0068360,"Heiberg, Johan Ludvig (1791–1860)",440,Johan Ludvig Heiberg,1791,1860,Danmark,66,"surname+birth_year (auto, single candidate)",NOT individually human-verified -- candidate for review before use as an authority mapping
Reg0127230,"Watt, Robert (1837–1894)",1067,Robert Watt,1837,1894,Danmark,65,"surname+birth_year (auto, single candidate)",NOT individually human-verified -- candidate for review before use as an authority mapping
Reg0035480,"Beaulieu-Marconnay, Carl Olivier von, Friherre (1811–1889)",77,Carl Olivier von Beaulieu-Marconnay,1811,1889,Tyskland,53,"surname+birth_year (auto, single candidate)",NOT individually human-verified -- candidate for review before use as an authority mapping
Reg0131930,"Ørsted, Hans Christian (1777–1851)",1126,Hans Christian Ørsted,1777,1851,Danmark,52,"surname+birth_year (auto, single candidate)",NOT individually human-verified -- candidate for review before use as an authority mapping
Reg0039030,"Bjørnson, Bjørnstjeme (1832–1910)",111,Bjørnstjerne Bjørnson,1832,16-0,Norge,52,"surname+birth_year (auto, single candidate)",NOT individually human-verified -- candidate for review before use as an authority mapping
Reg0045080,"Bøgh, Nicolai (1843–1905)",189,Nicolaj Bøgh,1843,13-1,Danmark,51,"surname+birth_year (auto, single candidate)",NOT individually human-verified -- candidate for review before use as an authority mapping
Reg0121650,"Thiele, Just Mathias (1795–1874)",19638,Just Mathias Thiele,1795,1874,Danmark,47,"surname+birth_year (auto, single candidate)",NOT individually human-verified -- candidate for review before use as an authority mapping
Reg0067640,"Hauch, Carsten (1790–1872)",431,Carsten Hauch,1790,1872,Danmark,46,"surname+birth_year (auto, single candidate)",NOT individually human-verified -- candidate for review before use as an authority mapping
Reg0040280,"Boner, Charles (1815–1870)",124,Charles Boner,1815,1870,England,46,"surname+birth_year (auto, single candidate)",NOT individually human-verified -- candidate for review before use as an authority mapping
Reg0071990,"Holst, H. P. (1811–1893)",483,Hans Peter Holst,1811,1893,Danmark,42,"surname+birth_year (auto, single candidate)",NOT individually human-verified -- candidate for review before use as an authority mapping
Reg0075870,"Jerichau-Baumann, Elisabeth, f. Baumann (1819–1881)",544,Elisabeth Jerichau-Baumann,1819,1881,Danmark,41,"surname+birth_year (auto, single candidate)",NOT individually human-verified -- candidate for review before use as an authority mapping
Reg0104090,"Rantzau-Breitenburg, Conrad, Rigsgreve (1773–1845)",841,Conrad Rantzau-Breitenburg,1773,1845,Tyskland,41,"surname+birth_year (auto, single candidate)",NOT individually human-verified -- candidate for review before use as an authority mapping
Reg0038130,"Bille, C. St. A. (1828–1898)",100,Carl Steen Andersen Bille,1828,1898,Danmark,41,"surname+birth_year (auto, single candidate)",NOT individually human-verified -- candidate for review before use as an authority mapping
Reg0055460,"Engelstoft, C. T. (1805–1889)",307,Chr. Thorning Engelstoft,1805,1889,Danmark,41,"surname+birth_year (auto, single candidate)",NOT individually human-verified -- candidate for review before use as an authority mapping
Reg0052440,"Dickens, Charles (1812–1870)",265,Charles Dickens,1812,1870,England,39,"surname+birth_year (auto, single candidate)",NOT individually human-verified -- candidate for review before use as an authority mapping
Reg0092240,"Molbech, C. (1783–1857)",19903,C. Molbech,1783,1857,Danmark,37,"surname+birth_year (auto, single candidate)",NOT individually human-verified -- candidate for review before use as an authority mapping
Reg0097520,"Oksen, Erik Lassen (1849–1924)",781,Erik Lassen Oksen,1849,1924,Danmark,36,"surname+birth_year (auto, single candidate)",NOT individually human-verified -- candidate for review before use as an authority mapping
Reg0131180,"Zeise, Heinrich (1822–1914)",1120,Heinrich Zeise,1822,1914,Tyskland,35,"surname+birth_year (auto, single candidate)",NOT individually human-verified -- candidate for review before use as an authority mapping
Reg0068680,"Heinke, Clara (1825–1892)",444,Clara Heinke,1825,1892,Tyskland,34,"surname+birth_year (auto, single candidate)",NOT individually human-verified -- candidate for review before use as an authority mapping
Reg0039390,"Bloch, Carl (1834–1890)",116,Carl Bloch,1834,1890,Danmark,32,"surname+birth_year (auto, single candidate)",NOT individually human-verified -- candidate for review before use as an authority mapping
Reg0060470,"Gade, Niels W. (1817–1890)",346,Niels W. Gade,1817,1890,Danmark,31,"surname+birth_year (auto, single candidate)",NOT individually human-verified -- candidate for review before use as an authority mapping
Reg0072990,"Hornemann, Emil (1810–1890)",500,Emil Hornemann,1810,1890,Danmark,29,"surname+birth_year (auto, single candidate)",NOT individually human-verified -- candidate for review before use as an authority mapping
Reg0048560,"Collin, Edgar (1836–1906)",217,Edgar Collin,1836,1906,Danmark,28,"surname+birth_year (auto, single candidate)",NOT individually human-verified -- candidate for review before use as an authority mapping
Reg0112400,"Schley, Ludolph (1798–1859)",919,Ludolph Schley,1798,1859,Danmark,27,"surname+birth_year (auto, single candidate)",NOT individually human-verified -- candidate for review before use as an authority mapping
Reg0049570,"Cronholm, Bernhard (1813–1871)",234,Bernhard Aug. Cronholm,1813,1871,Danmark-Sverige,27,"surname+birth_year (auto, single candidate)",NOT individually human-verified -- candidate for review before use as an authority mapping
Reg0129670,"Winther, Christian (1796–1876)",1097,Christian Winther,1796,1876,Danmark,26,"surname+birth_year (auto, single candidate)",NOT individually human-verified -- candidate for review before use as an authority mapping
Reg0051760,"Decken, Wilhelmine von der, f. Brauns (1783–1858)",254,Wilhelmine von der Decken,1783,1858,Tyskland,24,"surname+birth_year (auto, single candidate)",NOT individually human-verified -- candidate for review before use as an authority mapping
Reg0127370,"Weber, Matthias (1850–1933)",1069,Mathias Weber,1850,1933,Danmark,24,"surname+birth_year (auto, single candidate)",NOT individually human-verified -- candidate for review before use as an authority mapping
Reg0131900,"Ørsted, Birgitte, f. Ballum (1789–1875)",1127,"Birgitte, f. Ballum Ørsted",1789,1875,Danmark,23,"surname+birth_year (auto, single candidate)",NOT individually human-verified -- candidate for review before use as an authority mapping
Reg0093060,"Moltke-Hvitfeldt, Gebhard, Greve (1764–1851)",737,Gebhard Moltke-Hvitfeldt,1764,1851,Danmark,23,"surname+birth_year (auto, single candidate)",NOT individually human-verified -- candidate for review before use as an authority mapping
Reg0045060,"Bøgh, Frederik (1836–1882)",188,Frederik Bøgh,1836,1882,Danmark,23,"surname+birth_year (auto, single candidate)",NOT individually human-verified -- candidate for review before use as an authority mapping
Reg0090460,"Melchior, Carl H. (1855–1931)",699,Carl Melchior,1855,1931,Danmark,23,"surname+birth_year (auto, single candidate)",NOT individually human-verified -- candidate for review before use as an authority mapping
Reg0069920,"Hertz, Henrik (1798–1870)",464,Henrik Hertz,1798,1870,Danmark,22,"surname+birth_year (auto, single candidate)",NOT individually human-verified -- candidate for review before use as an authority mapping
Reg0033160,"Atterbom, P. D. A. (1790–1855)",49,Per Daniel Amadeus Atterbom,1790,1855,Sverige,22,"surname+birth_year (auto, single candidate)",NOT individually human-verified -- candidate for review before use as an authority mapping
Reg0117600,"Stampe, Henrik, Baron (1821–1892)",980,Henrik Stampe,1821,1892,Danmark,22,"surname+birth_year (auto, single candidate)",NOT individually human-verified -- candidate for review before use as an authority mapping
Reg0073380,"Howitt, Mary, f. Botham (1799–1888)",508,Mary Howitt,1799,1888,England,22,"surname+birth_year (auto, single candidate)",NOT individually human-verified -- candidate for review before use as an authority mapping
Reg0085850,"Lorenzen, C. (1807–1859)",653,C H Lorenzen,1807,1859,Danmark,21,"surname+birth_year (auto, single candidate)",NOT individually human-verified -- candidate for review before use as an authority mapping
Reg0128780,"Wiedemann, L. (1824–1893)",1086,L. Wiedemann,1824,1893,Tyskland,21,"surname+birth_year (auto, single candidate)",NOT individually human-verified -- candidate for review before use as an authority mapping
Reg0090420,"Melchior, Anna (1853–1881)",698,Anna Melchior,1853,1881,Danmark,21,"surname+birth_year (auto, single candidate)",NOT individually human-verified -- candidate for review before use as an authority mapping
Reg0094430,"Müller, Otto (1807–1882)",749,Otto Frederik Müller,1807,1882,Danmark,20,"surname+birth_year (auto, single candidate)",NOT individually human-verified -- candidate for review before use as an authority mapping
Reg0095130,"Møller, P. L. (1814–1865)",756,Peder Ludvig Møller,1814,1865,Danmark,20,"surname+birth_year (auto, single candidate)",NOT individually human-verified -- candidate for review before use as an authority mapping
Reg0031570,"Amberger, Gustav Adolph (1831–1896)",30,Gustav Adolf Amberger,1831,1896,Tyskland,20,"surname+birth_year (auto, single candidate)",NOT individually human-verified -- candidate for review before use as an authority mapping
Reg0087330,"Læssøe, Ludvig (1808–1878)",670,Ludvig Læssøe,1808,1878,Danmark,19,"surname+birth_year (auto, single candidate)",NOT individually human-verified -- candidate for review before use as an authority mapping
Reg0125910,"Voigt, Christian (1809–1888)",1056,Christian Voigt,1809,1888,Danmark,19,"surname+birth_year (auto, single candidate)",NOT individually human-verified -- candidate for review before use as an authority mapping
Reg0065710,"Hanck, Madseline, f. Iversen (1788–1851)",407,Madseline Hanck,1788,1851,Danmark,19,"surname+birth_year (auto, single candidate)",NOT individually human-verified -- candidate for review before use as an authority mapping
Reg0030280,"Abrahams, N.C.L. (1798–1870)",17,N. C. L. Abrahams,1798,1870,Danmark,19,"surname+birth_year (auto, single candidate)",NOT individually human-verified -- candidate for review before use as an authority mapping
Reg0084930,"Lind, Jenny (1820–1887)",638,Jenny Lind,1820,1887,Sverige,19,"surname+birth_year (auto, single candidate)",NOT individually human-verified -- candidate for review before use as an authority mapping
Reg0083650,"Lenz, Ludwig (1813–1896)",624,Ludwig Lenz,1813,1896,Tyskland,19,"surname+birth_year (auto, single candidate)",NOT individually human-verified -- candidate for review before use as an authority mapping
Reg0130350,"Worsaae, J. J. A. (1821–1885)",1109,Jens Jacob Asmussen Worsaae,1821,1885,Danmark,19,"surname+birth_year (auto, single candidate)",NOT individually human-verified -- candidate for review before use as an authority mapping
Reg0078960,"Kneppelhout, Johannes (1814–1885)",579,Johannes Kneppelhout,1814,1885,Holland,19,"surname+birth_year (auto, single candidate)",NOT individually human-verified -- candidate for review before use as an authority mapping
Reg0090580,"Melchior, Harriet (1851–1917)",704,Harriet Melchior,1851,1917,Danmark,19,"surname+birth_year (auto, single candidate)",NOT individually human-verified -- candidate for review before use as an authority mapping
Reg0065670,"Hanck, Caroline (1816–1901)",403,Caroline Hanck,1816,1901,Danmark,18,"surname+birth_year (auto, single candidate)",NOT individually human-verified -- candidate for review before use as an authority mapping
Reg0093730,"Munch, Andreas (1811–1884)",743,Andreas Munch,1811,1884,Norge,18,"surname+birth_year (auto, single candidate)",NOT individually human-verified -- candidate for review before use as an authority mapping
Reg0085490,"Livingstone, Mary (1858–1939)",646,Anna Mary Livingstone,1858,1939,USA,18,"surname+birth_year (auto, single candidate)",NOT individually human-verified -- candidate for review before use as an authority mapping
Reg0074200,"Høegh-Guldberg, Frederik (1771–1852)",522,Fr. Høegh-Guldberg,1771,1852,Danmark,17,"surname+birth_year (auto, single candidate)",NOT individually human-verified -- candidate for review before use as an authority mapping
Reg0048060,"Claussen, K. A. (1843–1895)",211,Knud A Claussen,1843,1895,Norge,17,"surname+birth_year (auto, single candidate)",NOT individually human-verified -- candidate for review before use as an authority mapping
Reg0074920,"Iversen, Kirstine Marie, f. Nielsen (1767–1837)",535,Kirstine Marie Iversen,1767,1837,Danmark,16,"surname+birth_year (auto, single candidate)",NOT individually human-verified -- candidate for review before use as an authority mapping
Reg0085420,"Liunge, A. P. (1798–1879)",644,A. P. Liunge,1798,1879,Danmark,16,"surname+birth_year (auto, single candidate)",NOT individually human-verified -- candidate for review before use as an authority mapping
Reg0125370,"Vieweg, Eduard (1796–1869)",1051,Eduard Vieweg,1796,1869,Tyskland,16,"surname+birth_year (auto, single candidate)",NOT individually human-verified -- candidate for review before use as an authority mapping
Reg0105150,"Reitzel, Carl (1833–1911)",19773,Carl Reitzel,1833,1911,Danmark,16,"surname+birth_year (auto, single candidate)",NOT individually human-verified -- candidate for review before use as an authority mapping
Reg0111240,"Scharff, Harald (1836–1912)",915,Harald Scharff,1836,1912,Danmark,16,"surname+birth_year (auto, single candidate)",NOT individually human-verified -- candidate for review before use as an authority mapping
Reg0062550,"Gosse, Edmund (1849–1928)",372,Edmund W. Gosse,1849,1928,England,16,"surname+birth_year (auto, single candidate)",NOT individually human-verified -- candidate for review before use as an authority mapping
Reg0090330,"Meisling, Simon (1787–1856)",696,Simon Sørensen Meisling,1787,1856,Danmark,15,"surname+birth_year (auto, single candidate)",NOT individually human-verified -- candidate for review before use as an authority mapping
Reg0030580,"Adler, Johan Gunder (1784–1852)",20,Johan Gunder Adler,1784,1852,Danmark,15,"surname+birth_year (auto, single candidate)",NOT individually human-verified -- candidate for review before use as an authority mapping
Reg0117570,"Stampe, Christine, Baronesse, f. Dalgas (1797–1868)",979,Christine Stampe,1797,1868,Danmark,15,"surname+birth_year (auto, single candidate)",NOT individually human-verified -- candidate for review before use as an authority mapping
Reg0107600,"Ross, Ludwig (1806–1859)",890,Ludwig Ross,1806,1859,Tyskland,15,"surname+birth_year (auto, single candidate)",NOT individually human-verified -- candidate for review before use as an authority mapping
Reg0065320,"Hambro, Carl Joachim (1807–1877)",397,Carl Joachim Hambro,1807,1877,Danmark-Skotland,15,"surname+birth_year (auto, single candidate)",NOT individually human-verified -- candidate for review before use as an authority mapping
Reg0065240,"Hallager, Thora (1821–1884)",395,Thora Hallager,1821,1884,Danmark,15,"surname+birth_year (auto, single candidate)",NOT individually human-verified -- candidate for review before use as an authority mapping
Reg0090500,"Melchior, Emil (1857–1881)",702,Emil Melchior,1857,1881,Danmark,15,"surname+birth_year (auto, single candidate)",NOT individually human-verified -- candidate for review before use as an authority mapping
Reg0107460,"Rosenørn, Ingeborg Christiane, f. Wormskiold (1784–1859)",887,Ingeborg Christiane von Rosenørn,1784,1859,Danmark,15,"surname+birth_year (auto, single candidate)",NOT individually human-verified -- candidate for review before use as an authority mapping
Reg0047060,"Chamisso, Adelbert von (1781–1838)",199,Adelbert von Chamisso,1781,1838,Tyskland,14,"surname+birth_year (auto, single candidate)",NOT individually human-verified -- candidate for review before use as an authority mapping
Reg0061960,"Gjørup, Michael (1830–1915)",363,Michael Gjørup,1830,1915,Danmark,14,"surname+birth_year (auto, single candidate)",NOT individually human-verified -- candidate for review before use as an authority mapping
Reg0104520,"Recke, Adolph von der (1820–1867)",850,Adolf von der Recke,1820,1867,Danmark,13,"surname+birth_year (auto, single candidate)",NOT individually human-verified -- candidate for review before use as an authority mapping
Reg0082270,"Lange, Thomas (1829–1887)",614,Thomas Lange,1829,1887,Danmark,13,"surname+birth_year (auto, single candidate)",NOT individually human-verified -- candidate for review before use as an authority mapping
Reg0054450,"Dönniges, Wilhelm von (1814–1872)",293,Wilhelm von Dönniges,1814,1872,Tyskland,13,"surname+birth_year (auto, single candidate)",NOT individually human-verified -- candidate for review before use as an authority mapping
Reg0044130,"Budde, Leopold (1836–1902)",172,Leopold Budde,1836,24-0,Danmark,13,"surname+birth_year (auto, single candidate)",NOT individually human-verified -- candidate for review before use as an authority mapping
Reg0031860,"Andersen, Carl (1828–1883)",37,Carl Andersen,1828,1883,Danmark,13,"surname+birth_year (auto, single candidate)",NOT individually human-verified -- candidate for review before use as an authority mapping
Reg0070930,"Hjort, Peder (1793–1871)",476,Peder Hjort,1793,1871,Danmark,12,"surname+birth_year (auto, single candidate)",NOT individually human-verified -- candidate for review before use as an authority mapping
Reg0073640,"Hundrup, Ferdinand Emil (1808–1879)",513,Ferdinand Emil Hundrup,1808,1879,Danmark,12,"surname+birth_year (auto, single candidate)",NOT individually human-verified -- candidate for review before use as an authority mapping
Reg0048800,"Collin, Theodor (1815–1902)",225,Theodor Collin,1815,1902,Danmark,12,"surname+birth_year (auto, single candidate)",NOT individually human-verified -- candidate for review before use as an authority mapping
Reg0087290,"Læssøe, Frederik (1811–1850)",668,Frederik Læssøe,1811,1850,Danmark,12,"surname+birth_year (auto, single candidate)",NOT individually human-verified -- candidate for review before use as an authority mapping
Reg0062410,"Goldschmidt, M. (1819–1887)",370,Meïr Aron Goldschmidt,1819,1887,Danmark,12,"surname+birth_year (auto, single candidate)",NOT individually human-verified -- candidate for review before use as an authority mapping
Reg0033220,"Auerbach, Berthold (1812–1882)",50,Berthold Auerbach,1812,1882,Tyskland,12,"surname+birth_year (auto, single candidate)",NOT individually human-verified -- candidate for review before use as an authority mapping
Reg0101700,"Ploug, Carl (1813–1894)",817,Carl Ploug,1813,1894,Danmark,12,"surname+birth_year (auto, single candidate)",NOT individually human-verified -- candidate for review before use as an authority mapping
Reg0072150,"Holstein, Frederik Conrad von (1771–1853)",19678,Frederik Conrad Holstein,1771,1853,,12,"surname+birth_year (auto, single candidate)",NOT individually human-verified -- candidate for review before use as an authority mapping
Reg0048600,"Collin, Gottlieb (1806–1885)",219,Gottlieb Collin,1806,1885,Danmark,11,"surname+birth_year (auto, single candidate)",NOT individually human-verified -- candidate for review before use as an authority mapping
Reg0089280,"Marmier, Xavier (1809–1892)",688,Xavier Marmier,1809,1882,Frankrig,11,"surname+birth_year (auto, single candidate)",NOT individually human-verified -- candidate for review before use as an authority mapping
Reg0070500,"Hierta, Lars Johan (1801–1872)",472,Lars Hierta,1801,1872,Sverige,11,"surname+birth_year (auto, single candidate)",NOT individually human-verified -- candidate for review before use as an authority mapping
Reg0078460,"Kirstein, C. L. (1793–1862)",19679,Carl Ludvig Kirstein,1793,1862,,11,"surname+birth_year (auto, single candidate)",NOT individually human-verified -- candidate for review before use as an authority mapping
Reg0075820,"Jerichau, Jens Adolf (1816–1883)",543,Jens Adolf Jerichau,1816,1883,Danmark,11,"surname+birth_year (auto, single candidate)",NOT individually human-verified -- candidate for review before use as an authority mapping
Reg0090850,"Meldahl, F. (1827–1908)",716,Ferdinand Meldahl,1827,1908,Danmark,11,"surname+birth_year (auto, single candidate)",NOT individually human-verified -- candidate for review before use as an authority mapping
Reg0120770,"Tang, A. E. M. (1803–1868)",1009,A. E. Tang,1803,1868,Danmark,11,"surname+birth_year (auto, single candidate)",NOT individually human-verified -- candidate for review before use as an authority mapping
Reg0043160,"Browning, Elizabeth Barrett (1806–1861)",160,Elizabeth Moulton Barrett Browning,1806,1861,England,11,"surname+birth_year (auto, single candidate)",NOT individually human-verified -- candidate for review before use as an authority mapping
Reg0103560,"Raasløff, Anna (1843–1907)",901,Anna Raasløff,1843,1907,Danmark,11,"surname+birth_year (auto, single candidate)",NOT individually human-verified -- candidate for review before use as an authority mapping
Reg0077740,"Kate, Jan Jakob Lodevijk ten (1819–1889)",563,J. J. L. ten Kate,1819,1889,Holland,11,"surname+birth_year (auto, single candidate)",NOT individually human-verified -- candidate for review before use as an authority mapping
Reg0049920,"Dahl, Johan Christian (1788–1857)",238,Johan Christian Clausen Dahl,1788,1840,Norge,10,"surname+birth_year (auto, single candidate)",NOT individually human-verified -- candidate for review before use as an authority mapping
Reg0129600,"Winkler, Theodor (1775–1856)",1095,Karl Gottlieb Theodor Winkler,1775,1856,Tyskland,10,"surname+birth_year (auto, single candidate)",NOT individually human-verified -- candidate for review before use as an authority mapping
Reg0116970,"Speckter, Otto (1807–1871)",973,Otto Speckter,1807,1871,Tyskland,10,"surname+birth_year (auto, single candidate)",NOT individually human-verified -- candidate for review before use as an authority mapping
Reg0103040,"Prutz, Robert (1816–1872)",826,Robert Prutz,1816,1872,Tyskland,10,"surname+birth_year (auto, single candidate)",NOT individually human-verified -- candidate for review before use as an authority mapping
Reg0117150,"Spring, Marcus (1810–1874)",975,Marcus Spring,1810,1874,USA,10,"surname+birth_year (auto, single candidate)",NOT individually human-verified -- candidate for review before use as an authority mapping
Reg0063420,"Groth, Klaus (1819–1899)",382,Klaus Groth,1819,1899,Tyskland,10,"surname+birth_year (auto, single candidate)",NOT individually human-verified -- candidate for review before use as an authority mapping
Reg0043170,"Browning, Robert (1812–1889)",159,Robert Browning,1812,1889,Skotland,10,"surname+birth_year (auto, single candidate)",NOT individually human-verified -- candidate for review before use as an authority mapping
Reg0111010,"Scavenius, Otto (1849–1913)",19723,Otto Scavenius,1849,1913,Danmark,10,"surname+birth_year (auto, single candidate)",NOT individually human-verified -- candidate for review before use as an authority mapping
Reg0053680,"Drewsen, Viggo (1830–1888)",283,Viggo Drewsen,1830,1888,Danmark,9,"surname+birth_year (auto, single candidate)",NOT individually human-verified -- candidate for review before use as an authority mapping
Reg0125940,"Voigt, Riborg (1806–1883)",1058,Riborg Voigt,1806,1883,Danmark,9,"surname+birth_year (auto, single candidate)",NOT individually human-verified -- candidate for review before use as an authority mapping
Reg0036160,"Bell, George (1814–1890)",81,George Bell,1814,1890,England,9,"surname+birth_year (auto, single candidate)",NOT individually human-verified -- candidate for review before use as an authority mapping
Reg0044970,"Bødtcher, Ludvig (1793–1874)",186,Ludvig Bødtcher,1793,1874,Danmark,9,"surname+birth_year (auto, single candidate)",NOT individually human-verified -- candidate for review before use as an authority mapping
Reg0059000,"Freiligrath, Ferdinand (1810–1876)",332,Ferdinand Freiligrath,1810,1874,Tyskland,9,"surname+birth_year (auto, single candidate)",NOT individually human-verified -- candidate for review before use as an authority mapping
Reg0073560,"Humboldt, Alexander von (1769–1859)",511,Alexander von Humboldt,1769,1859,Tyskland,9,"surname+birth_year (auto, single candidate)",NOT individually human-verified -- candidate for review before use as an authority mapping
Reg0125740,"Vliet, Jacobus Leunis van der (1814–1851)",1055,Jacobus Leunis van der Vliet,1814,1851,Holland,9,"surname+birth_year (auto, single candidate)",NOT individually human-verified -- candidate for review before use as an authority mapping
Reg0040390,"Bonnier, Albert (1820–1900)",126,Albert Bonnier,1820,26-0,Sverige,9,"surname+birth_year (auto, single candidate)",NOT individually human-verified -- candidate for review before use as an authority mapping
Reg0065210,"Hall, C. C. (1812–1888)",394,Carl Chr. Hall,1812,1888,Danmark,9,"surname+birth_year (auto, single candidate)",NOT individually human-verified -- candidate for review before use as an authority mapping
Reg0087050,"Lytton, Edward Robert Bulwer- (1831–1891)",666,Robert Bulwer Lytton,1831,1891,England,9,"surname+birth_year (auto, single candidate)",NOT individually human-verified -- candidate for review before use as an authority mapping
Reg0041520,"Brandes, Georg (1842–1927)",139,Georg Brandes,1842,19-0,Danmark,9,"surname+birth_year (auto, single candidate)",NOT individually human-verified -- candidate for review before use as an authority mapping
Reg0041750,"Brandt, Georg (1830–1889)",142,Georg Brandt,1830,1889,Danmark,9,"surname+birth_year (auto, single candidate)",NOT individually human-verified -- candidate for review before use as an authority mapping
Reg0074050,"Hägg, J. A. (1850–1928)",519,J. Ad. Hägg,1850,1928,Sverige,9,"surname+birth_year (auto, single candidate)",NOT individually human-verified -- candidate for review before use as an authority mapping
Reg0031850,"Andersen, Birgitte, f. Olsen (1791–1875)",36,Birgitte Andersen,1791,1875,Danmark,8,"surname+birth_year (auto, single candidate)",NOT individually human-verified -- candidate for review before use as an authority mapping
Reg0080990,"Kruse, Laurids (1778–1839)",601,Lauritz Kruse,1778,1839,Danmark,8,"surname+birth_year (auto, single candidate)",NOT individually human-verified -- candidate for review before use as an authority mapping
Reg0115130,"Sibbern, F. C. (1785–1872)",952,F.C. Sibbern,1785,1872,Danmark,8,"surname+birth_year (auto, single candidate)",NOT individually human-verified -- candidate for review before use as an authority mapping
Reg0034570,"Barck, Mathilda, Komtesse (1822–1844)",66,Mathilde Barck,1822,1844,Sverige,8,"surname+birth_year (auto, single candidate)",NOT individually human-verified -- candidate for review before use as an authority mapping
Reg0072020,"Holst, Wilhelm (1807–1898)",484,Wilhelm Holst,1807,1898,Danmark,8,"surname+birth_year (auto, single candidate)",NOT individually human-verified -- candidate for review before use as an authority mapping
Reg0055180,"Eisendecher, Wilhelm von (1803–1880)",303,Wilhelm von Eisendecher,1803,1880,Tyskland,8,"surname+birth_year (auto, single candidate)",NOT individually human-verified -- candidate for review before use as an authority mapping
Reg0108300,"Rung, Henrik (1807–1871)",896,Henrik Rung,1807,1871,Danmark,8,"surname+birth_year (auto, single candidate)",NOT individually human-verified -- candidate for review before use as an authority mapping
Reg0096610,"Nieuwenhuis, Coenraad Jacobus Nicolaas (1813–1881)",769,C. J. N. Nieuwenhuis,1813,1881,Holland,8,"surname+birth_year (auto, single candidate)",NOT individually human-verified -- candidate for review before use as an authority mapping
Reg0076460,"Josephson, J. A. (1818–1880)",552,J. A. Josephson,1818,1880,Sverige,8,"surname+birth_year (auto, single candidate)",NOT individually human-verified -- candidate for review before use as an authority mapping
Reg0052050,"Delbanco, O. H. (1821–1890)",257,Otto Herman Delbanco,1821,1890,Danmark,8,"surname+birth_year (auto, single candidate)",NOT individually human-verified -- candidate for review before use as an authority mapping
Reg0095080,"Møller, L. R. (1809–1893)",754,L. R. Møller,1809,1893,Danmark,8,"surname+birth_year (auto, single candidate)",NOT individually human-verified -- candidate for review before use as an authority mapping
Reg0101250,"Pio, Jean (1833–1884)",815,Jean Pio,1833,1884,Danmark,8,"surname+birth_year (auto, single candidate)",NOT individually human-verified -- candidate for review before use as an authority mapping
Reg0106190,"Rimestad, C. V. (1816–1879)",870,Chr. Vilh. Rimestad,1816,1879,Danmark,8,"surname+birth_year (auto, single candidate)",NOT individually human-verified -- candidate for review before use as an authority mapping
Reg0077330,"Jørgensen, Hans Christian (1847–1869)",558,Hans Christian Jørgensen,1847,1869,Danmark,8,"surname+birth_year (auto, single candidate)",NOT individually human-verified -- candidate for review before use as an authority mapping
Reg0069380,"Henriques, Anna (1855–1921)",453,Anna Henriques,1855,1921,Danmark,8,"surname+birth_year (auto, single candidate)",NOT individually human-verified -- candidate for review before use as an authority mapping
Reg0097130,"Nyerup, Rasmus (1759–1829)",773,Rasmus Nyerup,1759,1829,Danmark,7,"surname+birth_year (auto, single candidate)",NOT individually human-verified -- candidate for review before use as an authority mapping
Reg0074710,"Ipsen, Alfred (1852–1922)",532,Alfred Ipsen,1852,1922,Danmark,7,"surname+birth_year (auto, single candidate)",NOT individually human-verified -- candidate for review before use as an authority mapping
Reg0068590,"Heine, Heinrich (1797–1856)",443,Heinrich Heine,1797,1856,Tyskland,7,"surname+birth_year (auto, single candidate)",NOT individually human-verified -- candidate for review before use as an authority mapping
Reg0084980,"Lind, W. (1807–1891)",637,Wilkens Lind,1807,1891,Danmark,7,"surname+birth_year (auto, single candidate)",NOT individually human-verified -- candidate for review before use as an authority mapping
Reg0046220,"Castelli, Ignaz Franz (1781–1862)",197,Ignaz Franz Castelli,1781,1862,Østrig,7,"surname+birth_year (auto, single candidate)",NOT individually human-verified -- candidate for review before use as an authority mapping
Reg0048550,"Collin, Augusta, f. Petzholdt (1801–1865)",216,Augusta Collin,1801,1865,Danmark,7,"surname+birth_year (auto, single candidate)",NOT individually human-verified -- candidate for review before use as an authority mapping
Reg0114090,"Schumann, Robert (1810–1856)",937,Robert Schumann,1810,1856,Danmark,7,"surname+birth_year (auto, single candidate)",NOT individually human-verified -- candidate for review before use as an authority mapping
Reg0079620,"Koch, Jørgen Hansen (1787–1860)",587,Jørgen Hansen Koch,1787,1860,Danmark,7,"surname+birth_year (auto, single candidate)",NOT individually human-verified -- candidate for review before use as an authority mapping
Reg0061490,"Gerson, Julius Christian (1811–1894)",357,Julius Christian Gerson,1811,1894,Danmark,7,"surname+birth_year (auto, single candidate)",NOT individually human-verified -- candidate for review before use as an authority mapping
Reg0052630,"Dingelstedt, Franz von (1814–1881)",268,Franz von Dingelstedt,1814,1881,Tyskland,7,"surname+birth_year (auto, single candidate)",NOT individually human-verified -- candidate for review before use as an authority mapping
Reg0099750,"Pedersen, Vilhelm (1820–1859)",798,Vilhelm Pedersen,1820,1859,Danmark,7,"surname+birth_year (auto, single candidate)",NOT individually human-verified -- candidate for review before use as an authority mapping
Reg0054660,"Eckardt, Lauritz (1829–1889)",298,Lauritz Eckardt,1829,1889,Danmark,7,"surname+birth_year (auto, single candidate)",NOT individually human-verified -- candidate for review before use as an authority mapping
Reg0090610,"Melchior, Israel (1827–1893)",706,Israel B Melchior,1827,1893,Danmark,7,"surname+birth_year (auto, single candidate)",NOT individually human-verified -- candidate for review before use as an authority mapping
Reg0096270,"Nielsen, Anton (1827–1897)",762,Anton Nielsen,1827,1897,Danmark,7,"surname+birth_year (auto, single candidate)",NOT individually human-verified -- candidate for review before use as an authority mapping
Reg0069460,"Henriques, Marie (1866–1944)",455,Marie Henriques,1866,1944,Danmark,7,"surname+birth_year (auto, single candidate)",NOT individually human-verified -- candidate for review before use as an authority mapping
Reg0126100,"Voss, Juan (1842–1883)",1059,Juan Voss,1842,1883,Danmark,7,"surname+birth_year (auto, single candidate)",NOT individually human-verified -- candidate for review before use as an authority mapping
Reg0034160,"Ballin, Clara (1824–1887)",57,Clara Ballin,1824,1887,Danmark,7,"surname+birth_year (auto, single candidate)",NOT individually human-verified -- candidate for review before use as an authority mapping
Reg0099100,"Paludan-Müller, Frederik (1809–1876)",794,Frederik Paludan-Müller,1809,1876,Danmark,6,"surname+birth_year (auto, single candidate)",NOT individually human-verified -- candidate for review before use as an authority mapping
Reg0122540,"Tieck, Ludwig (1773–1853)",1028,Ludwig Tieck,1773,1853,Tyskland,6,"surname+birth_year (auto, single candidate)",NOT individually human-verified -- candidate for review before use as an authority mapping
Reg0077030,"Jürgensen, Louis Urban (1806–1867)",557,Louis Urban Jürgensen,1806,1867,Schweiz,6,"surname+birth_year (auto, single candidate)",NOT individually human-verified -- candidate for review before use as an authority mapping
Reg0124210,"Töpfer, Karl (1792–1871)",1043,Karl Töpfer,1792,1871,Tyskland,6,"surname+birth_year (auto, single candidate)",NOT individually human-verified -- candidate for review before use as an authority mapping
Reg0075760,"Jenssen(-Tusch), Georg Friedrich (1789–1888)",541,G. F. Jenssen-Tusch,1789,1888,Tyskland,6,"surname+birth_year (auto, single candidate)",NOT individually human-verified -- candidate for review before use as an authority mapping
Reg0096480,"Nielsen, N. P. (1795–1860)",768,N. P. Nielsen,1795,1860,Danmark,6,"surname+birth_year (auto, single candidate)",NOT individually human-verified -- candidate for review before use as an authority mapping
Reg0084050,"Levetzau, Joachim Godske (1782–1859)",626,Joachim Godske Levetzau,1782,1859,Danmark,6,"surname+birth_year (auto, single candidate)",NOT individually human-verified -- candidate for review before use as an authority mapping
Reg0065110,"Hahn-Hahn, Ida, Grevinde, f. von Hahn (1805–1880)",391,Ida Hahn-Hahn,1805,1880,Tyskland,6,"surname+birth_year (auto, single candidate)",NOT individually human-verified -- candidate for review before use as an authority mapping
Reg0040500,"Borgaard, Carl (1799–1868)",128,Carl Borgaard,1799,1868,Danmark,6,"surname+birth_year (auto, single candidate)",NOT individually human-verified -- candidate for review before use as an authority mapping
Reg0065360,"Hambro, Joseph (1780–1848)",398,Joseph Hambro,1780,1848,Danmark,6,"surname+birth_year (auto, single candidate)",NOT individually human-verified -- candidate for review before use as an authority mapping
Reg0041990,"Bravo, Johan (1797–1876)",144,Johan Bravo,1797,1876,Holsten,6,"surname+birth_year (auto, single candidate)",NOT individually human-verified -- candidate for review before use as an authority mapping
Reg0087380,"Læssøe, Thorald (1816–1878)",672,Thorald Læssøe,1816,1878,Danmark,6,"surname+birth_year (auto, single candidate)",NOT individually human-verified -- candidate for review before use as an authority mapping
Reg0037760,"Betzonich, G. E. (1829–1901)",96,Georg Emil Betzonich,1829,1901,Danmark,6,"surname+birth_year (auto, single candidate)",NOT individually human-verified -- candidate for review before use as an authority mapping
Reg0057410,"Fibiger, Ilia (1817–1867)",317,Ilia Fibiger,1817,1867,Danmark,6,"surname+birth_year (auto, single candidate)",NOT individually human-verified -- candidate for review before use as an authority mapping
Reg0077870,"Kaulbach, Josephine von, f. Sutner (1810–1896)",564,Josephine Kaulbach,1810,1896,Tyskland,6,"surname+birth_year (auto, single candidate)",NOT individually human-verified -- candidate for review before use as an authority mapping
Reg0118850,"Story, William Wetmore (1819–1895)",992,William Wetmore Story,1819,1895,USA,6,"surname+birth_year (auto, single candidate)",NOT individually human-verified -- candidate for review before use as an authority mapping
Reg0080060,"Kornerup, Jacob (1825–1913)",595,Jacob Kornerup,1825,1913,Danmark,6,"surname+birth_year (auto, single candidate)",NOT individually human-verified -- candidate for review before use as an authority mapping
Reg0077890,"Kaulbach, Wilhelm von (1805–1874)",565,Wilhelm von Kaulbach,1805,1874,Tyskland,6,"surname+birth_year (auto, single candidate)",NOT individually human-verified -- candidate for review before use as an authority mapping
Reg0080330,"Kranold, R. H. C. (1819–1889)",596,R. H. C. C. Kranold,1819,1889,Danmark,6,"surname+birth_year (auto, single candidate)",NOT individually human-verified -- candidate for review before use as an authority mapping
Reg0090760,"Melchior, Sophie, f. Bloch (1824–1894)",712,Sophie Melchior,1824,1894,Danmark,6,"surname+birth_year (auto, single candidate)",NOT individually human-verified -- candidate for review before use as an authority mapping
Reg0085640,"Longfellow, H. W. (1807–1882)",650,Henry W. Longfellow,1807,1882,USA,6,"surname+birth_year (auto, single candidate)",NOT individually human-verified -- candidate for review before use as an authority mapping
Reg0069500,"Henriques, Robert (1858–1914)",457,Robert Henriques,1858,1914,Danmark,6,"surname+birth_year (auto, single candidate)",NOT individually human-verified -- candidate for review before use as an authority mapping
Reg0122930,"Topsøe, V. C. S. (1840–1881)",1036,Vilhelm Topsøe,1840,1881,Danmark,6,"surname+birth_year (auto, single candidate)",NOT individually human-verified -- candidate for review before use as an authority mapping
Reg0090390,"Melbye, Anton (1818–1875)",697,Anton Melbye,1818,1875,Danmark,6,"surname+birth_year (auto, single candidate)",NOT individually human-verified -- candidate for review before use as an authority mapping
Reg0094600,"Mynster, J. P. (1775–1854)",750,I. P. Mynster,1775,1854,Danmark,5,"surname+birth_year (auto, single candidate)",NOT individually human-verified -- candidate for review before use as an authority mapping
Reg0068990,"Hempel, Søren (1775–1844)",451,Søren Hempel,1775,1844,Danmark,5,"surname+birth_year (auto, single candidate)",NOT individually human-verified -- candidate for review before use as an authority mapping
Reg0033780,"Bagger, Carl (1807–1846)",54,Carl Bagger,1807,1846,Danmark,5,"surname+birth_year (auto, single candidate)",NOT individually human-verified -- candidate for review before use as an authority mapping
Reg0092250,"Molbech, Chr. K. F. (1821–1888)",732,Chr. K. F. Molbech,1821,1888,Danmark,5,"surname+birth_year (auto, single candidate)",NOT individually human-verified -- candidate for review before use as an authority mapping
Reg0065700,"Hanck, J. H. T. (1776–1840)",405,Johan Hendrik Trützscher Hanck,1776,1840,Danmark,5,"surname+birth_year (auto, single candidate)",NOT individually human-verified -- candidate for review before use as an authority mapping
Reg0034760,"Barfod, Frederik (1811–1896)",68,Frederik Barfod,1811,1896,Danmark,5,"surname+birth_year (auto, single candidate)",NOT individually human-verified -- candidate for review before use as an authority mapping
Reg0109730,"Saint-Aubain, A. N. de (1798–1865)",905,A. de Saint-Aubain,1798,1865,Danmark,5,"surname+birth_year (auto, single candidate)",NOT individually human-verified -- candidate for review before use as an authority mapping
Reg0102990,"Prokesch von Osten, Anton, Friherre, senere Greve (1795–1876)",825,Anton Prokesch von Osten,1795,1876,Østrig,5,"surname+birth_year (auto, single candidate)",NOT individually human-verified -- candidate for review before use as an authority mapping
Reg0127390,"Wedderkop, Theodor von (1802–1887)",1071,Theodor von Wedderkop,1802,1887,Sverige,5,"surname+birth_year (auto, single candidate)",NOT individually human-verified -- candidate for review before use as an authority mapping
Reg0127950,"Weis, Ernst (1807–1873)",1075,Ernst Marcus Weis,1807,1873,Danmark,5,"surname+birth_year (auto, single candidate)",NOT individually human-verified -- candidate for review before use as an authority mapping
Reg0130150,"Wolff, Oskar Ludwig Bernhard (1799–1851)",1103,Oscar Ludwig Bernhard Wolff,1799,1851,Tyskland,5,"surname+birth_year (auto, single candidate)",NOT individually human-verified -- candidate for review before use as an authority mapping
Reg0090020,"Mayer, K. A. (1808–1894)",693,Karl August Mayer,1808,1894,Tyskland,5,"surname+birth_year (auto, single candidate)",NOT individually human-verified -- candidate for review before use as an authority mapping
Reg0035460,"Beaulieu-Marconnay, Alexander von, Friherre (1827–1899)",19862,Alexander von Beaulieu-Marconnay,1827,1899,Tyskland,5,"surname+birth_year (auto, single candidate)",NOT individually human-verified -- candidate for review before use as an authority mapping
Reg0125400,"Vigny, Alfred de, Greve (1797–1863)",1052,Alfred de Vigny,1797,1863,Frankrig,5,"surname+birth_year (auto, single candidate)",NOT individually human-verified -- candidate for review before use as an authority mapping
Reg0053930,"Duff-Gordon, Lucie, Lady, f. Austin (1821–1869)",286,Lucy Duff-Gordon,1821,1869,England,5,"surname+birth_year (auto, single candidate)",NOT individually human-verified -- candidate for review before use as an authority mapping
Reg0040940,"Bournonville, Augusta (1831–1906)",19796,Augusta Bournonville,1831,1906,Danmark,5,"surname+birth_year (auto, single candidate)",NOT individually human-verified -- candidate for review before use as an authority mapping
Reg0040220,"Bolander, Sofi (1807–1869)",123,Sophie (Sofi) Bolander,1807,1869,Sverige,5,"surname+birth_year (auto, single candidate)",NOT individually human-verified -- candidate for review before use as an authority mapping
Reg0097150,"Nygren, Carl Daniel (1806–1851)",774,Carl Daniel Nygren,1806,1851,Sverige,5,"surname+birth_year (auto, single candidate)",NOT individually human-verified -- candidate for review before use as an authority mapping
Reg0081150,"Kræmer, Robert Fredrik von (1791–1880)",602,Robert von Kræmer,1791,1880,Sverige,5,"surname+birth_year (auto, single candidate)",NOT individually human-verified -- candidate for review before use as an authority mapping
Reg0067360,"Hartmann, Sophie (1831–1855)",425,Sophie Hartmann,1831,1855,Danmark,5,"surname+birth_year (auto, single candidate)",NOT individually human-verified -- candidate for review before use as an authority mapping
Reg0032750,"Arentzen, Kristian (1823–1899)",45,Kristian Arentzen,1823,1899,Danmark,5,"surname+birth_year (auto, single candidate)",NOT individually human-verified -- candidate for review before use as an authority mapping
Reg0107240,"Rosenkilde, Adolph (1816–1882)",882,Adolf Rosenkilde,1816,1882,Danmark,5,"surname+birth_year (auto, single candidate)",NOT individually human-verified -- candidate for review before use as an authority mapping
Reg0117680,"Stampe, Rigmor, Baronesse (1850–1923)",983,Rigmor Stampe,1850,09-0,Danmark,5,"surname+birth_year (auto, single candidate)",NOT individually human-verified -- candidate for review before use as an authority mapping
Reg0063170,"Grillparzer, Franz (1791–1872)",381,Franz Grillparzer,1791,1872,Østrig,5,"surname+birth_year (auto, single candidate)",NOT individually human-verified -- candidate for review before use as an authority mapping
Reg0053400,"Drewsen, Einar (1833–1873)",1133,Einar Drewsen,1833,1873,Danmark,5,"surname+birth_year (auto, single candidate)",NOT individually human-verified -- candidate for review before use as an authority mapping
Reg0049940,"Dahl, Siegwald (1827–1902)",239,Siegwald Dahl,1827,1902,Norge,5,"surname+birth_year (auto, single candidate)",NOT individually human-verified -- candidate for review before use as an authority mapping
Reg0080040,"Koren, Wilhelm Frimann (1842–1913)",594,Wilhelm Frimann Koren,1842,1913,Norge,5,"surname+birth_year (auto, single candidate)",NOT individually human-verified -- candidate for review before use as an authority mapping
Reg0090920,"Mendelssohn-Bartholdy, Felix (1809–1847)",719,Felix Mendelssohn-Bartholdy,1809,1847,Tyskland,5,"surname+birth_year (auto, single candidate)",NOT individually human-verified -- candidate for review before use as an authority mapping
Reg0034450,"Banks, George Linnæus (1821–1881)",63,George Linnæus Banks,1821,1881,England,5,"surname+birth_year (auto, single candidate)",NOT individually human-verified -- candidate for review before use as an authority mapping
Reg0105800,"Richardt, Chr. (1831–1892)",865,Chr. Richardt,1831,1892,Danmark,5,"surname+birth_year (auto, single candidate)",NOT individually human-verified -- candidate for review before use as an authority mapping
Reg0120330,"Sätherberg, Herman (1812–1897)",1004,Herman Sätherberg,1812,1897,Sverige,5,"surname+birth_year (auto, single candidate)",NOT individually human-verified -- candidate for review before use as an authority mapping
Reg0123280,"Trap, J. P. (1810–1885)",1038,J. P. Trap,1810,1885,Danmark,5,"surname+birth_year (auto, single candidate)",NOT individually human-verified -- candidate for review before use as an authority mapping
Reg0053120,"Dor, Henri (1835–1913)",274,Henri Dor,1835,1913,Schweiz,5,"surname+birth_year (auto, single candidate)",NOT individually human-verified -- candidate for review before use as an authority mapping
Reg0074720,"Ipsen, Cecilia (1791–1874)",19890,Cecilia Ipsen,1791,1874,Danmark,5,"surname+birth_year (auto, single candidate)",NOT individually human-verified -- candidate for review before use as an authority mapping
Reg0090480,"Melchior, Charlotte (1871–1926)",700,Charlotte Melchior,1871,1926,Danmark,5,"surname+birth_year (auto, single candidate)",NOT individually human-verified -- candidate for review before use as an authority mapping
Reg0063830,"Gude, H. F. (1825–1903)",385,Hans Fr. Gude,1825,1903,Norge,5,"surname+birth_year (auto, single candidate)",NOT individually human-verified -- candidate for review before use as an authority mapping
Reg0100130,"Peters, Anton (1812–1872)",801,Anton Peters,1812,1872,Danmark,5,"surname+birth_year (auto, single candidate)",NOT individually human-verified -- candidate for review before use as an authority mapping
Reg0114070,"Schumann, Clara, f. Wieck (1819–1896)",936,Clara Schumann,1819,1896,Tyskland,5,"surname+birth_year (auto, single candidate)",NOT individually human-verified -- candidate for review before use as an authority mapping
Reg0073250,"Hostrup, C. (1818–1892)",505,Jens Christian Hostrup,1818,1892,Danmark,5,"surname+birth_year (auto, single candidate)",NOT individually human-verified -- candidate for review before use as an authority mapping
Reg0099490,"Pechlin, Fr. von, Baron (1789–1863)",797,Friedrich von Pechlin,1789,1863,Tyskland,5,"surname+birth_year (auto, single candidate)",NOT individually human-verified -- candidate for review before use as an authority mapping
Reg0088820,"Mantzius, Kristian (1819–1879)",19763,Kristian Mantzius,1819,1879,Danmark,5,"surname+birth_year (auto, single candidate)",NOT individually human-verified -- candidate for review before use as an authority mapping
Reg0074150,"Høedt, F. L. (1820–1885)",19934,F.L. Høedt,1820,1885,Danmark,5,"surname+birth_year (auto, single candidate)",NOT individually human-verified -- candidate for review before use as an authority mapping
Reg0035250,"Bay, Rudolph (1791–1856)",75,Rudolph Bay,1791,1856,Danmark,4,"surname+birth_year (auto, single candidate)",NOT individually human-verified -- candidate for review before use as an authority mapping
Reg0055270,"Elmquist, A. F. (1788–1868)",304,A. F. Elmquist,1788,1868,Danmark,4,"surname+birth_year (auto, single candidate)",NOT individually human-verified -- candidate for review before use as an authority mapping
Reg0118930,"Strandberg, Carl Vilhelm August (1818–1877)",994,C. V. A. Strandberg,1818,1877,Sverige,4,"surname+birth_year (auto, single candidate)",NOT individually human-verified -- candidate for review before use as an authority mapping
Reg0128640,"Weyse, C. E. F. (1774–1842)",1085,C.E.F. Weyse,1774,1842,Danmark,4,"surname+birth_year (auto, single candidate)",NOT individually human-verified -- candidate for review before use as an authority mapping
Reg0039250,"Blicher, Steen Steensen (1782–1848)",115,Steen Steensen Blicher,1782,1848,Danmark,4,"surname+birth_year (auto, single candidate)",NOT individually human-verified -- candidate for review before use as an authority mapping
Reg0085410,"Liszt, Franz (1811–1886)",643,Franz Liszt,1811,1886,Ungarn,4,"surname+birth_year (auto, single candidate)",NOT individually human-verified -- candidate for review before use as an authority mapping
Reg0051950,"Deinhardstein, Johann Ludwig (1794–1859)",255,Johann Ludwig Deinhardstein,1794,1859,Østrig,4,"surname+birth_year (auto, single candidate)",NOT individually human-verified -- candidate for review before use as an authority mapping
Reg0034540,"Barck, Joakim, Greve (1823–1875)",65,Joachim Barck,1823,1875,Sverige,4,"surname+birth_year (auto, single candidate)",NOT individually human-verified -- candidate for review before use as an authority mapping
Reg0034580,"Barck, Nils Anton, Greve (1789–1856)",67,Nils Anton Barck,1789,1856,Sverige,4,"surname+birth_year (auto, single candidate)",NOT individually human-verified -- candidate for review before use as an authority mapping
Reg0030590,"Adlersparre, Carl August, Greve (1810–1862)",21,Carl August Adlersparre,1810,1862,Sverige,4,"surname+birth_year (auto, single candidate)",NOT individually human-verified -- candidate for review before use as an authority mapping
Reg0089580,"Martin, Nicolas (1814–1877)",692,Nicolas Martin,1814,1877,Frankrig,4,"surname+birth_year (auto, single candidate)",NOT individually human-verified -- candidate for review before use as an authority mapping
Reg0035190,"Baumann, Alexander (1814–1857)",74,Alexander Baumann,1814,1857,Østrig,4,"surname+birth_year (auto, single candidate)",NOT individually human-verified -- candidate for review before use as an authority mapping
Reg0030810,"Ahlefeldt, Carl Fr. Ludw. Hermann von, Greve (1806–1855)",19651,Carl Friedrich Ludwig Hermann von Ahlefeldt,1806,1855,Danmark,4,"surname+birth_year (auto, single candidate)",NOT individually human-verified -- candidate for review before use as an authority mapping
Reg0060940,"Gathy, August (1800–1858)",349,August Gathy,1800,1858,Tyskland,4,"surname+birth_year (auto, single candidate)",NOT individually human-verified -- candidate for review before use as an authority mapping
Reg0079420,"Kobbe, Theodor von (1798–1845)",583,Theodor von Kobbe,1798,1845,Tyskland,4,"surname+birth_year (auto, single candidate)",NOT individually human-verified -- candidate for review before use as an authority mapping
Reg0042850,"Brockhaus, Friedrich (1800–1865)",156,F. A. Brockhaus,1800,1865,Tyskland,4,"surname+birth_year (auto, single candidate)",NOT individually human-verified -- candidate for review before use as an authority mapping
Reg0105790,"Richardson, John (1780–1864)",864,John Richardson,1780,1864,England,4,"surname+birth_year (auto, single candidate)",NOT individually human-verified -- candidate for review before use as an authority mapping
Reg0049590,"Crowe, Catherine, f. Stevens (1800–1876)",235,Catherine Crowe,1800,1876,Danmark,4,"surname+birth_year (auto, single candidate)",NOT individually human-verified -- candidate for review before use as an authority mapping
Reg0078290,"Kierkegaard, Søren (1813–1855)",569,Søren Kierkegaard,1813,1855,Danmark,4,"surname+birth_year (auto, single candidate)",NOT individually human-verified -- candidate for review before use as an authority mapping
Reg0054200,"Durham, Joseph (1821–1877)",290,Joseph Durham,1821,1877,England,4,"surname+birth_year (auto, single candidate)",NOT individually human-verified -- candidate for review before use as an authority mapping
Reg0110220,"Saltza, Edvard Fredrik von, Greve (1775–1859)",907,Edvard Frederik von Saltza,1775,1859,Sverige,4,"surname+birth_year (auto, single candidate)",NOT individually human-verified -- candidate for review before use as an authority mapping
Reg0121710,"Thisted, Valdemar (1815–1887)",1019,Valdemar Thisted,1815,1887,Danmark,4,"surname+birth_year (auto, single candidate)",NOT individually human-verified -- candidate for review before use as an authority mapping
Reg0092850,"Moltke, Mary von, f. Burt (1825–1868)",734,Frederik (Fritz) Moltke,1825,1875,Danmark,4,"surname+birth_year (auto, single candidate)",NOT individually human-verified -- candidate for review before use as an authority mapping
Reg0082100,"Lange, Johan (1818–1898)",613,Johan  Martin Christian Nicolai Lange,1818,1898,Danmark,4,"surname+birth_year (auto, single candidate)",NOT individually human-verified -- candidate for review before use as an authority mapping
Reg0115140,"Sibbern, Gabriel (1824–1903)",953,Gabr. Sibbern,1824,1903,Danmark,4,"surname+birth_year (auto, single candidate)",NOT individually human-verified -- candidate for review before use as an authority mapping
Reg0123730,"Trojel, Adolph (1824–1881)",1040,A. Trojel,1824,1881,Danmark,4,"surname+birth_year (auto, single candidate)",NOT individually human-verified -- candidate for review before use as an authority mapping
Reg0048840,"Collins, Wilkie (1824–1889)",227,William Wilkie Collins,1824,1889,England,4,"surname+birth_year (auto, single candidate)",NOT individually human-verified -- candidate for review before use as an authority mapping
Reg0084110,"Levetzow, Cornelia (1836–1921)",627,Cornelia Levetzow,1836,1921,Danmark,4,"surname+birth_year (auto, single candidate)",NOT individually human-verified -- candidate for review before use as an authority mapping
Reg0120140,"Swane, Jørgen (1821–1903)",1001,Hans Jørgen Swane,1821,1903,Danmark,4,"surname+birth_year (auto, single candidate)",NOT individually human-verified -- candidate for review before use as an authority mapping
Reg0128240,"Werlauff, E. C. (1781–1871)",1082,Erich Christian Werlauff,1781,1871,Danmark,4,"surname+birth_year (auto, single candidate)",NOT individually human-verified -- candidate for review before use as an authority mapping
Reg0067930,"Hay, Sir John Drummond (1816–1893)",437,J. H. Drummund Hay,1816,1893,England,4,"surname+birth_year (auto, single candidate)",NOT individually human-verified -- candidate for review before use as an authority mapping
Reg0036600,"Bentley, George (1828–1895)",19830,George Bentley,1828,1895,England,4,"surname+birth_year (auto, single candidate)",NOT individually human-verified -- candidate for review before use as an authority mapping
Reg0114200,"Schwartz, Athalia (1821–1871)",940,Athalia Schwartz,1821,1871,Danmark,4,"surname+birth_year (auto, single candidate)",NOT individually human-verified -- candidate for review before use as an authority mapping
Reg0078970,"Kneppelhout, Ursula Martha, f. van Braam (1825–1919)",580,Ursula van Kneppelhout,1825,1919,Holland,4,"surname+birth_year (auto, single candidate)",NOT individually human-verified -- candidate for review before use as an authority mapping
Reg0038910,"Bjerring, Anna (1832–1902)",109,Anna Bjerring,1832,1902,Danmark,4,"surname+birth_year (auto, single candidate)",NOT individually human-verified -- candidate for review before use as an authority mapping
Reg0031600,"Amé, Georges (1831–1891)",31,George Amé,1831,1891,Frankrig,4,"surname+birth_year (auto, single candidate)",NOT individually human-verified -- candidate for review before use as an authority mapping
Reg0090700,"Melchior, Moses (1825–1912)",710,Moses Melchior,1825,1912,Danmark,4,"surname+birth_year (auto, single candidate)",NOT individually human-verified -- candidate for review before use as an authority mapping
Reg0090820,"Melchior, William (1861–1868)",715,William Melchior,1861,1868,Danmark,4,"surname+birth_year (auto, single candidate)",NOT individually human-verified -- candidate for review before use as an authority mapping
Reg0104330,"Rasmussen, Sophie (1827–1897)",844,Sophie Rasmussen,1827,1897,Danmark,4,"surname+birth_year (auto, single candidate)",NOT individually human-verified -- candidate for review before use as an authority mapping
Reg0096530,"Nielsen, Rasmus (1809–1884)",766,Rasmus Nielsen,1809,1884,Danmark,4,"surname+birth_year (auto, single candidate)",NOT individually human-verified -- candidate for review before use as an authority mapping
Reg0090750,"Melchior, Sally (1865–1888)",711,Sally Melchior,1865,1888,Danmark,4,"surname+birth_year (auto, single candidate)",NOT individually human-verified -- candidate for review before use as an authority mapping
Reg0047500,"Christensen, C. Th. (1832–1905)",203,Christen Th. Christensen,1832,1905,Danmark,4,"surname+birth_year (auto, single candidate)",NOT individually human-verified -- candidate for review before use as an authority mapping
Reg0059830,"Frost, Lorentz (1836–1883)",338,Lorentz Frost,1836,1883,Danmark,4,"surname+birth_year (auto, single candidate)",NOT individually human-verified -- candidate for review before use as an authority mapping
Reg0068860,"Helm-Petersen, S. F. (1838–1897)",447,S. F. Helm-Petersen,1838,1897,Danmark,4,"surname+birth_year (auto, single candidate)",NOT individually human-verified -- candidate for review before use as an authority mapping
Reg0103860,"Rahbek, Knud Lyne (1760–1830)",836,Knud Lyhne Rahbek,1760,1830,Danmark,4,"surname+birth_year (auto, single candidate)",NOT individually human-verified -- candidate for review before use as an authority mapping
Reg0062800,"Grahn, Lucile (1819–1907)",373,Lucile Grahn,1819,1907,Danmark,4,"surname+birth_year (auto, single candidate)",NOT individually human-verified -- candidate for review before use as an authority mapping
Reg0128020,"Weissenthurn, Johanna Franul von, f. Grünberg (1773–1847)",1077,Johanna Franul von Weissenthurn,1773,1847,Tyskland,4,"surname+birth_year (auto, single candidate)",NOT individually human-verified -- candidate for review before use as an authority mapping
Reg0083560,"Lennep, Jacob van (1802–1868)",623,Jacob van Lennep,1802,1868,Holland,4,"surname+birth_year (auto, single candidate)",NOT individually human-verified -- candidate for review before use as an authority mapping
Reg0058950,"Fredstrup, Axel (1830–1894)",19778,Axel Fredstrup,1830,1894,Danmark,4,"surname+birth_year (auto, single candidate)",NOT individually human-verified -- candidate for review before use as an authority mapping
Reg0100340,"Petersen, Clemens (1834–1918)",19888,Clemens Petersen,1834,1918,Danmark,4,"surname+birth_year (auto, single candidate)",NOT individually human-verified -- candidate for review before use as an authority mapping
Reg0066150,"Hansen, Constantin (1804–1880)",19827,Constantin Hansen,1804,1880,Danmark,4,"surname+birth_year (auto, single candidate)",NOT individually human-verified -- candidate for review before use as an authority mapping
Reg0131470,"Zinck, Otto (1824–1908)",20068,Otto Zinck,1824,17-0,Danmark,4,"surname+birth_year (auto, single candidate)",NOT individually human-verified -- candidate for review before use as an authority mapping
Reg0030290,"Abrahams, Severin (1843–1900)",20133,Severin Abrahams,1843,1900,Danmark,4,"surname+birth_year (auto, single candidate)",NOT individually human-verified -- candidate for review before use as an authority mapping
Reg0045150,"Böttger, Adolf (1815–1870)",20256,Adolf Böttger,1815,1870,Tyskland,4,"surname+birth_year (auto, single candidate)",NOT individually human-verified -- candidate for review before use as an authority mapping
Reg0063550,"Grundtvig, N.F.S. (1783–1872)",383,Nikolaj Frederik Severin Grundtvig,1783,1872,Danmark,3,"surname+birth_year (auto, single candidate)",NOT individually human-verified -- candidate for review before use as an authority mapping
Reg0080930,"Krum, Daniel (1850–1887)",19707,Daniel Krum,1850,1887,,3,"surname+birth_year (auto, single candidate)",NOT individually human-verified -- candidate for review before use as an authority mapping
Reg0121850,"Thomsen, Ove (1801–1862)",1021,Ove Thomsen,1801,1862,Danmark,3,"surname+birth_year (auto, single candidate)",NOT individually human-verified -- candidate for review before use as an authority mapping
Reg0115940,"Skrike, Adolf (1811–1891)",960,Adolph Skrike,1811,1891,Danmark,3,"surname+birth_year (auto, single candidate)",NOT individually human-verified -- candidate for review before use as an authority mapping
Reg0036400,"Bendz, H. C. B. (1806–1882)",82,H.C.B. Bendz,1806,1882,Danmark,3,"surname+birth_year (auto, single candidate)",NOT individually human-verified -- candidate for review before use as an authority mapping
Reg0070600,"Hillerup, F. G. (1793–1861)",474,Frederik Christian Hillerup,1793,1861,Danmark,3,"surname+birth_year (auto, single candidate)",NOT individually human-verified -- candidate for review before use as an authority mapping
Reg0121120,"Tegnér, Esaias (1782–1846)",1013,Esaias Tegnér,1782,1846,Danmark,3,"surname+birth_year (auto, single candidate)",NOT individually human-verified -- candidate for review before use as an authority mapping
Reg0098600,"Overskou, Thomas (1798–1873)",789,Thomas Overskou,1798,1873,Danmark,3,"surname+birth_year (auto, single candidate)",NOT individually human-verified -- candidate for review before use as an authority mapping
Reg0100700,"Petzholdt, Augusta (1801–1865)",810,Augusta Petzholdt,1801,1865,Danmark,3,"surname+birth_year (auto, single candidate)",NOT individually human-verified -- candidate for review before use as an authority mapping
Reg0073340,"Houriet, Rosalie (1784–1836)",507,Rosalie Houriet,1784,1836,Danmark,3,"surname+birth_year (auto, single candidate)",NOT individually human-verified -- candidate for review before use as an authority mapping
Reg0100720,"Petzholdt, Fritz (1805–1838)",811,Fritz Petzholdt,1805,1838,Danmark,3,"surname+birth_year (auto, single candidate)",NOT individually human-verified -- candidate for review before use as an authority mapping
Reg0041030,"Boye, A. E. (1784–1851)",133,A. E. Boye,1784,1851,Danmark,3,"surname+birth_year (auto, single candidate)",NOT individually human-verified -- candidate for review before use as an authority mapping
Reg0065930,"Hansen, Aleth (1817–1889)",411,Christian Hansen,1817,1865,Danmark,3,"surname+birth_year (auto, single candidate)",NOT individually human-verified -- candidate for review before use as an authority mapping
Reg0086860,"Lüth, A. H. F. (1806–1859)",662,A H F Lüth,1806,1859,Danmark,3,"surname+birth_year (auto, single candidate)",NOT individually human-verified -- candidate for review before use as an authority mapping
Reg0103720,"Rachel, Elisabeth Felix (1821–1858)",834,Elisabeth Felix Rachel,1821,1858,Frankrig,3,"surname+birth_year (auto, single candidate)",NOT individually human-verified -- candidate for review before use as an authority mapping
Reg0083310,"Lehmann, Orla (1810–1870)",620,Orla Lehmann,1810,1870,Danmark,3,"surname+birth_year (auto, single candidate)",NOT individually human-verified -- candidate for review before use as an authority mapping
Reg0115060,"Serre, Friedrich Anton (1789–1863)",950,Friedrich Anton Serre,1789,1863,Tyskland,3,"surname+birth_year (auto, single candidate)",NOT individually human-verified -- candidate for review before use as an authority mapping
Reg0044380,"Buntzen, Andreas (1811–1880)",177,Andreas Buntzen,1811,1880,Danmark,3,"surname+birth_year (auto, single candidate)",NOT individually human-verified -- candidate for review before use as an authority mapping
Reg0068910,"Helsted, Carl (1818–1904)",449,Carl Helsted,1818,1904,Danmark,3,"surname+birth_year (auto, single candidate)",NOT individually human-verified -- candidate for review before use as an authority mapping
Reg0078840,"Kletke, Hermann (1813–1886)",577,Hermann Kletke,1813,1886,Tyskland,3,"surname+birth_year (auto, single candidate)",NOT individually human-verified -- candidate for review before use as an authority mapping
Reg0079830,"Kohl, Johann Georg (1808–1878)",589,Johann Georg Kohl,1808,1878,Tyskland,3,"surname+birth_year (auto, single candidate)",NOT individually human-verified -- candidate for review before use as an authority mapping
Reg0117760,"Stanley, Henriette Maria, Lady, f. Dillon (1807–1895)",984,Henrietta Maria Stanley,1807,1895,England,3,"surname+birth_year (auto, single candidate)",NOT individually human-verified -- candidate for review before use as an authority mapping
Reg0089020,"Marées, Carl de (1793–1865)",687,Carl de Marées,1793,1865,Tyskland,3,"surname+birth_year (auto, single candidate)",NOT individually human-verified -- candidate for review before use as an authority mapping
Reg0086870,"Lüth, Christiane, f. Fischer (1817–1900)",663,Christiane Lüth,1817,1900,Danmark,3,"surname+birth_year (auto, single candidate)",NOT individually human-verified -- candidate for review before use as an authority mapping
Reg0079870,"Kolberg, Andreas (1817–1869)",591,Andreas A. J. Kolberg,1817,1869,Danmark,3,"surname+birth_year (auto, single candidate)",NOT individually human-verified -- candidate for review before use as an authority mapping
Reg0078160,"Kestner, August (1777–1853)",568,August Kestner,1777,1853,Tyskland,3,"surname+birth_year (auto, single candidate)",NOT individually human-verified -- candidate for review before use as an authority mapping
Reg0053790,"Drouet, Henri (1829–1900)",285,Henri Drouët,1829,1900,Frankrig,3,"surname+birth_year (auto, single candidate)",NOT individually human-verified -- candidate for review before use as an authority mapping
Reg0044360,"Bunsen, C. J. von (1791–1860)",175,C. J. von Bunsen,1791,1860,Preussen,3,"surname+birth_year (auto, single candidate)",NOT individually human-verified -- candidate for review before use as an authority mapping
Reg0095480,"Nathanson, M. L. (1780–1868)",760,M. L. Nathanson,1780,1868,Danmark,3,"surname+birth_year (auto, single candidate)",NOT individually human-verified -- candidate for review before use as an authority mapping
Reg0077720,"Karup, W. I. (1829–1870)",562,Fr. Vilh. Karup,1829,1870,Danmark,3,"surname+birth_year (auto, single candidate)",NOT individually human-verified -- candidate for review before use as an authority mapping
Reg0128080,"Welhaven, J. S. (1807–1873)",1078,Johan Sebastian Welhaven,1807,1873,Norge,3,"surname+birth_year (auto, single candidate)",NOT individually human-verified -- candidate for review before use as an authority mapping
Reg0039130,"Blanche, August (1811–1868)",112,Aug. Blanche,1811,1868,Sverige,3,"surname+birth_year (auto, single candidate)",NOT individually human-verified -- candidate for review before use as an authority mapping
Reg0092300,"Moldenhawer, Wilhelm (1831–1917)",733,Wilhelm Moldenhawer,1831,1917,Danmark,3,"surname+birth_year (auto, single candidate)",NOT individually human-verified -- candidate for review before use as an authority mapping
Reg0107040,"Rosen, Dorothea von (1823–1909)",878,Dorothea Hermine Charlotte von Rosen,1823,1909,Danmark,3,"surname+birth_year (auto, single candidate)",NOT individually human-verified -- candidate for review before use as an authority mapping
Reg0045050,"Bøgh, Erik (1822–1899)",187,Erik Bøgh,1822,1899,Danmark,3,"surname+birth_year (auto, single candidate)",NOT individually human-verified -- candidate for review before use as an authority mapping
Reg0072350,"Holstein, Wilhelmine, Enkegrevinde (1788–1868)",493,Wilhelmine Julie Holstein,1788,1868,Danmark,3,"surname+birth_year (auto, single candidate)",NOT individually human-verified -- candidate for review before use as an authority mapping
Reg0031950,"Andersen, Hans (1782–1816)",39,Hans Andersen,1782,1816,Danmark,3,"surname+birth_year (auto, single candidate)",NOT individually human-verified -- candidate for review before use as an authority mapping
Reg0118250,"Stephens, George (1813–1895)",990,George J. Stephens,1813,1895,Danmark,3,"surname+birth_year (auto, single candidate)",NOT individually human-verified -- candidate for review before use as an authority mapping
Reg0031910,"Andersen, Clara (1826–1895)",38,Clara Andersen,1826,1895,Danmark,3,"surname+birth_year (auto, single candidate)",NOT individually human-verified -- candidate for review before use as an authority mapping
Reg0089370,"Marryat, Ida H. C. (1843–1910)",689,Ida Marryat,1843,1910,England,3,"surname+birth_year (auto, single candidate)",NOT individually human-verified -- candidate for review before use as an authority mapping
Reg0068730,"Heise, Peter (1830–1879)",445,Peter Heise,1830,1879,Danmark,3,"surname+birth_year (auto, single candidate)",NOT individually human-verified -- candidate for review before use as an authority mapping
Reg0090730,"Melchior, Poul (1868–1896)",19713,Poul Melchior,1868,1896,Danmark,3,"surname+birth_year (auto, single candidate)",NOT individually human-verified -- candidate for review before use as an authority mapping
Reg0043590,"Bruun, Gamillo (1818–1880)",164,Camillo Bruun,1818,1880,Danmark,3,"surname+birth_year (auto, single candidate)",NOT individually human-verified -- candidate for review before use as an authority mapping
Reg0047260,"Cherbuliez, Joël (1806–1870)",201,Joèl Cherbuliez,1806,1870,Schweiz,3,"surname+birth_year (auto, single candidate)",NOT individually human-verified -- candidate for review before use as an authority mapping
Reg0071040,"Hoffmann, Carl (1802–1883)",477,Carl Hoffmann,1802,1883,Tyskland,3,"surname+birth_year (auto, single candidate)",NOT individually human-verified -- candidate for review before use as an authority mapping
Reg0104240,"Rasch, Marie, f. Holtum (1823–1905)",842,Marie Espérance von Rasch,1823,1903,Danmark,3,"surname+birth_year (auto, single candidate)",NOT individually human-verified -- candidate for review before use as an authority mapping
Reg0071860,"Holmes, Alfred (1837–1876)",482,Alfred Holmes,1837,1876,England,3,"surname+birth_year (auto, single candidate)",NOT individually human-verified -- candidate for review before use as an authority mapping
Reg0087040,"Lytton, Sir Edward Bulwer- (1803–1873)",665,Edw. Bulwer Lytton,1803,1873,England,3,"surname+birth_year (auto, single candidate)",NOT individually human-verified -- candidate for review before use as an authority mapping
Reg0123780,"Trubnikoff, Maria (1835–1897)",1041,Maria V. Trubnikoff,1835,1897,Rusland,3,"surname+birth_year (auto, single candidate)",NOT individually human-verified -- candidate for review before use as an authority mapping
Reg0067190,"Hartmann, Carl (1837–1901)",421,Carl Hartmann,1837,1901,Danmark,3,"surname+birth_year (auto, single candidate)",NOT individually human-verified -- candidate for review before use as an authority mapping
Reg0063090,"Grieg, Edvard (1843–1907)",422,Edvard Grieg,1843,1907,Norge,3,"surname+birth_year (auto, single candidate)",NOT individually human-verified -- candidate for review before use as an authority mapping
Reg0032350,"Anholm, Joachime, f. Oppermann (1812–1886)",44,Joachime Anholm,1812,1886,Danmark,3,"surname+birth_year (auto, single candidate)",NOT individually human-verified -- candidate for review before use as an authority mapping
Reg0088740,"Mansbach, Carl Adalbert, Friherre (1820–1890)",686,Carl Adalbert Mansbach,1820,1890,Sverige-Norge,3,"surname+birth_year (auto, single candidate)",NOT individually human-verified -- candidate for review before use as an authority mapping
Reg0091660,"Michel, Francisque (1809–1887)",727,Francisque Michel,1809,1887,Frankrig,3,"surname+birth_year (auto, single candidate)",NOT individually human-verified -- candidate for review before use as an authority mapping
Reg0047200,"Chasles, Philarète (1798–1873)",200,Philarète Chasles,1798,1873,Frankrig,3,"surname+birth_year (auto, single candidate)",NOT individually human-verified -- candidate for review before use as an authority mapping
Reg0041240,"Boye, Vilhelm (1837–1896)",136,Vilhelm Boye,1837,1896,Danmark,3,"surname+birth_year (auto, single candidate)",NOT individually human-verified -- candidate for review before use as an authority mapping
Reg0125560,"Vind, Emil (1829–1906)",1053,Carl Rudolph Emil Vind,1829,1906,Danmark,3,"surname+birth_year (auto, single candidate)",NOT individually human-verified -- candidate for review before use as an authority mapping
Reg0126930,"Warburg, John (1812–1895)",1065,John Warburg,1812,1895,Danmark,3,"surname+birth_year (auto, single candidate)",NOT individually human-verified -- candidate for review before use as an authority mapping
Reg0130830,"Yeaman, George H. (1829–1908)",1117,G. H. Yeaman,1829,1908,USA,3,"surname+birth_year (auto, single candidate)",NOT individually human-verified -- candidate for review before use as an authority mapping
Reg0051370,"Daugaard, Christine (1831–1917)",252,Christine Daugaard,1831,1917,Danmark,3,"surname+birth_year (auto, single candidate)",NOT individually human-verified -- candidate for review before use as an authority mapping
Reg0066590,"Hansen, P. (1840–1905)",417,P. Hansen,1840,1905,Danmark,3,"surname+birth_year (auto, single candidate)",NOT individually human-verified -- candidate for review before use as an authority mapping
Reg0031540,"Altmann, Julius (1814–1873)",29,Julius Altmann,1814,1873,Tyskland,3,"surname+birth_year (auto, single candidate)",NOT individually human-verified -- candidate for review before use as an authority mapping
Reg0075130,"Jacobsen, J. G. (1811–1887)",537,"I. C., Jacobsen",1811,1887,Danmark,3,"surname+birth_year (auto, single candidate)",NOT individually human-verified -- candidate for review before use as an authority mapping
Reg0080860,"Krohn, Johan (1841–1925)",599,Johan Krohn,1841,1925,Danmark,3,"surname+birth_year (auto, single candidate)",NOT individually human-verified -- candidate for review before use as an authority mapping
Reg0041780,"Brandt, Sara (1859–1946)",143,Sara Brandt,1859,1946,Danmark,3,"surname+birth_year (auto, single candidate)",NOT individually human-verified -- candidate for review before use as an authority mapping
Reg0084220,"Levison, Emilie (1815–1900)",628,Emilie Levison,1815,1900,Danmark,3,"surname+birth_year (auto, single candidate)",NOT individually human-verified -- candidate for review before use as an authority mapping
Reg0066290,"Hansen, Georg E. (1833–1891)",414,Georg E Hansen,1833,1891,Danmark,3,"surname+birth_year (auto, single candidate)",NOT individually human-verified -- candidate for review before use as an authority mapping
Reg0107360,"Rosenkrantz, Iver, Baron (1813–1873)",885,Iver Rosenkrantz,1813,1873,Danmark,3,"surname+birth_year (auto, single candidate)",NOT individually human-verified -- candidate for review before use as an authority mapping
Reg0045930,"Carstens, Fedder (1784–1874)",194,Fedder Carstens,1784,,Danmark,3,"surname+birth_year (auto, single candidate)",NOT individually human-verified -- candidate for review before use as an authority mapping
Reg0041490,"Brandes, Edvard (1847–1931)",138,Edvard Brandes,1847,19-1,Danmark,3,"surname+birth_year (auto, single candidate)",NOT individually human-verified -- candidate for review before use as an authority mapping
Reg0061240,"Geibel, Emanuel (1815–1884)",353,Emanuel Geibel,1815,1884,Tyskland,3,"surname+birth_year (auto, single candidate)",NOT individually human-verified -- candidate for review before use as an authority mapping
Reg0069440,"Henriques, Fernanda (1857–1904)",454,Fernanda Henriques,1857,1904,Danmark,3,"surname+birth_year (auto, single candidate)",NOT individually human-verified -- candidate for review before use as an authority mapping
Reg0085540,"Lobedanz, Edmund (1820–1882)",19843,Edmund Lobedanz,1820,1882,,3,"surname+birth_year (auto, single candidate)",NOT individually human-verified -- candidate for review before use as an authority mapping
Reg0128100,"Weller, C. (1838–1900)",1079,C. Weller,1838,1900,Danmark,3,"surname+birth_year (auto, single candidate)",NOT individually human-verified -- candidate for review before use as an authority mapping
Reg0121810,"Thomsen, Grimur (1820–1896)",1020,Grimur Thomsen,1820,1896,Danmark,3,"surname+birth_year (auto, single candidate)",NOT individually human-verified -- candidate for review before use as an authority mapping
Reg0115170,"Siboni, Giuseppe (1780–1839)",954,Giuseppe Siboni,1780,1839,Danmark,3,"surname+birth_year (auto, single candidate)",NOT individually human-verified -- candidate for review before use as an authority mapping
Reg0037950,"Bielke, Rudolph (1810–1855)",98,Rudolph Bielke,1810,1855,Danmark,3,"surname+birth_year (auto, single candidate)",NOT individually human-verified -- candidate for review before use as an authority mapping
Reg0082960,"Laurie, Sir Peter (1779–1861)",618,Peter Laurie,1779,1861,England,3,"surname+birth_year (auto, single candidate)",NOT individually human-verified -- candidate for review before use as an authority mapping
Reg0107260,"Rosenkilde, C. N. (1786–1861)",884,C.  N. Rosenkilde,1786,1861,Danmark,3,"surname+birth_year (auto, single candidate)",NOT individually human-verified -- candidate for review before use as an authority mapping
Reg0130660,"Wulff, Peter Frederik (1774–1842)",1115,Peter Frederik Wulff,1774,1842,Danmark,3,"surname+birth_year (auto, single candidate)",NOT individually human-verified -- candidate for review before use as an authority mapping
Reg0069590,"Henselt, Adolf (1814–1889)",459,Adolf Henselt,1814,1889,Tyskland,3,"surname+birth_year (auto, single candidate)",NOT individually human-verified -- candidate for review before use as an authority mapping
Reg0040630,"Bornstedt, Luise von, Baronesse (1807–1870)",129,Louise von Bornstedt,1807,1870,Tyskland,3,"surname+birth_year (auto, single candidate)",NOT individually human-verified -- candidate for review before use as an authority mapping
Reg0038790,"Bissen, H. V. (1798–1868)",108,Herman Wilhelm Bissen,1798,1868,Danmark,3,"surname+birth_year (auto, single candidate)",NOT individually human-verified -- candidate for review before use as an authority mapping
Reg0094300,"Müller, Friedrich von(1779–1849)",747,Friedrich von Müller,1779,1846,Tyskland,3,"surname+birth_year (auto, single candidate)",NOT individually human-verified -- candidate for review before use as an authority mapping
Reg0067010,"Harrach, Ferdinand von, Greve (1832–1915)",420,Ferdinand von Harrach,1832,1915,Tyskland,3,"surname+birth_year (auto, single candidate)",NOT individually human-verified -- candidate for review before use as an authority mapping
Reg0120940,"Tarnow, Fanny (1779–1862)",1011,Fanny Tarnow,1779,1862,Tyskland,3,"surname+birth_year (auto, single candidate)",NOT individually human-verified -- candidate for review before use as an authority mapping
Reg0073490,"Hugo, Victor (1802–1885)",509,Victor Hugo,1802,1885,Frankrig,3,"surname+birth_year (auto, single candidate)",NOT individually human-verified -- candidate for review before use as an authority mapping
Reg0113380,"Schoultz, Johanna von (1813–1863)",931,Johanna von Schoultz,1813,1863,Sverige-Finland,3,"surname+birth_year (auto, single candidate)",NOT individually human-verified -- candidate for review before use as an authority mapping
Reg0114460,"Schöll, Adolf (1805–1882)",20003,Adolf Schöll,1805,1882,Tyskland,3,"surname+birth_year (auto, single candidate)",NOT individually human-verified -- candidate for review before use as an authority mapping
Reg0042920,"Brockhaus, Pauline, f. Campe (1808–1886)",19655,Pauline Brockhaus,1808,1886,Tyskland,3,"surname+birth_year (auto, single candidate)",NOT individually human-verified -- candidate for review before use as an authority mapping
Reg0125090,"Verhulst, J. J. H. (1816–1891)",19674,Johannes Joseph Hermann Verhulst,1816,1891,Holland,3,"surname+birth_year (auto, single candidate)",NOT individually human-verified -- candidate for review before use as an authority mapping
Reg0084890,"Lind, Agnethe (1849–1915)",19733,Agnethe Lind,1849,1915,Danmark,3,"surname+birth_year (auto, single candidate)",NOT individually human-verified -- candidate for review before use as an authority mapping
Reg0045160,"Böttiger, C. W. (1807–1878)",19751,Carl Wilhelm Böttiger,1807,1878,Sverige,3,"surname+birth_year (auto, single candidate)",NOT individually human-verified -- candidate for review before use as an authority mapping
Reg0087470,"Lønborg, G. J. F. (1822–1882)",19761,C. J. F. Lønborg,1822,1882,Danmark,3,"surname+birth_year (auto, single candidate)",NOT individually human-verified -- candidate for review before use as an authority mapping
Reg0095890,"Nepveu, J. I. D. (1810–1887)",19772,J. I. D. Nepveu,1810,1887,Holland,3,"surname+birth_year (auto, single candidate)",NOT individually human-verified -- candidate for review before use as an authority mapping
Reg0044040,"Buch, Anna (1833–1919)",19786,Anna Buch,1833,1919,Danmark,3,"surname+birth_year (auto, single candidate)",NOT individually human-verified -- candidate for review before use as an authority mapping
Reg0039510,"Bloch, Poul Trepka (1869–1946)",19791,Poul Trepka Bloch,1869,1946,Danmark,3,"surname+birth_year (auto, single candidate)",NOT individually human-verified -- candidate for review before use as an authority mapping
Reg0040750,"Bosboom-Toussaint, Anna, f. Toussaint (1812–1886)",19803,Anna Bosboom-Toussaint,1812,1886,Holland,3,"surname+birth_year (auto, single candidate)",NOT individually human-verified -- candidate for review before use as an authority mapping
Reg0069980,"Hertz, Sylvester (1790–1854)",20071,Sylvester Hertz,1790,1854,Danmark,3,"surname+birth_year (auto, single candidate)",NOT individually human-verified -- candidate for review before use as an authority mapping
Reg0098510,"Otto, Carl (1795–1879)",20167,Carl Otto,1795,1879,Danmark,3,"surname+birth_year (auto, single candidate)",NOT individually human-verified -- candidate for review before use as an authority mapping
Reg0034200,"Balling, Jonathan (1773–1829)",59,Jonathan Balling,1773,1829,Danmark,2,"surname+birth_year (auto, single candidate)",NOT individually human-verified -- candidate for review before use as an authority mapping
Reg0103430,"Quistgaard, Jeppe Christensen (1781–1850)",833,Jeppe Christensen Quistgaard,1781,1850,Danmark,2,"surname+birth_year (auto, single candidate)",NOT individually human-verified -- candidate for review before use as an authority mapping
Reg0044120,"Buchwald, Johanne von, f. Colbiørnsen (1791–1848)",170,Anna Jacobine Caroline Johanne Buchwald,1791,1848,Danmark,2,"surname+birth_year (auto, single candidate)",NOT individually human-verified -- candidate for review before use as an authority mapping
Reg0074250,"Høegh-Guldberg, Petra (1801–1870)",524,Petra Høegh-Guldberg,1801,1870,Danmark,2,"surname+birth_year (auto, single candidate)",NOT individually human-verified -- candidate for review before use as an authority mapping
Reg0073920,"Hviid, Jens (1806–1837)",518,Jens Hviid,1806,1837,Danmark,2,"surname+birth_year (auto, single candidate)",NOT individually human-verified -- candidate for review before use as an authority mapping
Reg0113630,"Schrøder, Charlotte, f. Westenberg (1786–1868)",932,Charlotte Schrøder,1786,1868,Danmark,2,"surname+birth_year (auto, single candidate)",NOT individually human-verified -- candidate for review before use as an authority mapping
Reg0129390,"Wilster, Christian (1797–1840)",1091,Christian Wilster,1797,1840,Danmark,2,"surname+birth_year (auto, single candidate)",NOT individually human-verified -- candidate for review before use as an authority mapping
Reg0030680,"Agerskov, Chr. (1809–1892)",19636,Christian Agerskov,1809,1892,Danmark,2,"surname+birth_year (auto, single candidate)",NOT individually human-verified -- candidate for review before use as an authority mapping
Reg0071150,"Hofman-Bang, N. E. (1803–1886)",20217,Niels Erik Hofman-Bang,1803,1886,Danmark,2,"surname+birth_year (auto, single candidate)",NOT individually human-verified -- candidate for review before use as an authority mapping
Reg0131460,"Zinck, Ludvig (1776–1851)",1123,Ludvig Zinck,1776,1851,Danmark,2,"surname+birth_year (auto, single candidate)",NOT individually human-verified -- candidate for review before use as an authority mapping
Reg0052600,"Dinesen, A. W. (1807–1876)",267,Adolph Wilhelm Dinesen,1807,1876,Danmark,2,"surname+birth_year (auto, single candidate)",NOT individually human-verified -- candidate for review before use as an authority mapping
Reg0056910,"Faye, Andreas (1802–1869)",314,Andreas Faye,1802,1869,Danmark,2,"surname+birth_year (auto, single candidate)",NOT individually human-verified -- candidate for review before use as an authority mapping
Reg0037540,"Berti, Filippo (1801–1872)",91,Filippo Berti,1801,1872,Italien,2,"surname+birth_year (auto, single candidate)",NOT individually human-verified -- candidate for review before use as an authority mapping
Reg0084960,"Lind, P. E. (1814–1903)",636,Peter Engel Lind,1814,1903,Danmark,2,"surname+birth_year (auto, single candidate)",NOT individually human-verified -- candidate for review before use as an authority mapping
Reg0085430,"Liunge, Albertine Charlotte, f. Ackermann (1801–1874)",645,Albertine Liunge,1801,1874,Danmark,2,"surname+birth_year (auto, single candidate)",NOT individually human-verified -- candidate for review before use as an authority mapping
Reg0113210,"Schorn, Theodor (1796–1879)",929,Peter Theodor Schorn,1796,1879,Danmark,2,"surname+birth_year (auto, single candidate)",NOT individually human-verified -- candidate for review before use as an authority mapping
Reg0109250,"Saabye, Augusta, f. Laurwald (1789–1850)",1008,Augusta Laurwald Saabye,1789,1850,Danmark,2,"surname+birth_year (auto, single candidate)",NOT individually human-verified -- candidate for review before use as an authority mapping
Reg0108640,"Ryge, J. G. (1780-1842)",897,Johan Chr. Ryge,1780,1842,Danmark,2,"surname+birth_year (auto, single candidate)",NOT individually human-verified -- candidate for review before use as an authority mapping
Reg0046010,"Carstensen, Georg (1812–1857)",195,Georg Carstensen,1812,1857,Danmark,2,"surname+birth_year (auto, single candidate)",NOT individually human-verified -- candidate for review before use as an authority mapping
Reg0079860,"Kolb, Gustav (1798–1865)",590,Gustav Kolb,1798,1865,Tyskland,2,"surname+birth_year (auto, single candidate)",NOT individually human-verified -- candidate for review before use as an authority mapping
Reg0042910,"Brockhaus, Ottilie, f. Wagner (1811–1883)",157,Ottilie Brockhaus,1811,1883,Tyskland,2,"surname+birth_year (auto, single candidate)",NOT individually human-verified -- candidate for review before use as an authority mapping
Reg0043880,"Bræstrup, Cosmus (1789–1870)",168,Cosmus Bræstrup,1789,1870,Danmark,2,"surname+birth_year (auto, single candidate)",NOT individually human-verified -- candidate for review before use as an authority mapping
Reg0119260,"Stürmer, Bartholomäus von, Greve (1787–1863)",998,Bartholomäus von Stürmer,1787,1863,Østrig,2,"surname+birth_year (auto, single candidate)",NOT individually human-verified -- candidate for review before use as an authority mapping
Reg0127340,"Weber, J. J. (1803–1880)",1068,Johann Jakob Weber,1803,1880,Tyskland,2,"surname+birth_year (auto, single candidate)",NOT individually human-verified -- candidate for review before use as an authority mapping
Reg0043470,"Brunnow, Emst Georg von, Baron (1796–1845)",163,Ernst Georg von Brunnow,1796,1845,Danmark,2,"surname+birth_year (auto, single candidate)",NOT individually human-verified -- candidate for review before use as an authority mapping
Reg0130310,"Worch, Gottfried (1810–1881)",1108,R. Gottfr. Worch,1810,1881,Tyskland,2,"surname+birth_year (auto, single candidate)",NOT individually human-verified -- candidate for review before use as an authority mapping
Reg0059740,"Frommann, Friedrich Johann (1797–1886)",20518,Friedrich Johann Frommann,1797,1886,Tyskland,2,"surname+birth_year (auto, single candidate)",NOT individually human-verified -- candidate for review before use as an authority mapping
Reg0086130,"Luck, Cäcilie von, f. de Saint-Luce (1798–1857)",656,Cäcilie von Luck,1798,1857,Tyskland,2,"surname+birth_year (auto, single candidate)",NOT individually human-verified -- candidate for review before use as an authority mapping
Reg0085580,"Lockhart, John Gibson (1794–1854)",1135,John Gibson Lockhart,1794,1854,England,2,"surname+birth_year (auto, single candidate)",NOT individually human-verified -- candidate for review before use as an authority mapping
Reg0129320,"Willoughby de Eresby, Peter-Robert Drummond-Burrell, Baron (1782–1865)",1089,Peter-Robert Drummond-Burell Willoughby de Eresby,1782,1865,England,2,"surname+birth_year (auto, single candidate)",NOT individually human-verified -- candidate for review before use as an authority mapping
Reg0092200,"Moir, David Macbeth (1798–1851)",730,David Macbeth Moir,1798,1851,England,2,"surname+birth_year (auto, single candidate)",NOT individually human-verified -- candidate for review before use as an authority mapping
Reg0035680,"Bech, Nanny (1819–1898)",78,Nanny Bech,1819,1898,Danmark,2,"surname+birth_year (auto, single candidate)",NOT individually human-verified -- candidate for review before use as an authority mapping
Reg0055710,"Ernst, Heinrich Wilhelm (1814–1865)",310,Heinrich Wilhelm Ernst,1814,1865,Østrig,2,"surname+birth_year (auto, single candidate)",NOT individually human-verified -- candidate for review before use as an authority mapping
Reg0050240,"Dalström, G. J. af – (1785–1867)",244,G. J. af Dalström,1785,1867,Sverige,2,"surname+birth_year (auto, single candidate)",NOT individually human-verified -- candidate for review before use as an authority mapping
Reg0116560,"Sonne, J. V. (1801–1890)",967,Jørgen Valentin Sonne,1801,1890,Danmark,2,"surname+birth_year (auto, single candidate)",NOT individually human-verified -- candidate for review before use as an authority mapping
Reg0106010,"Riegels, H. G. (1793–1861)",868,Hans Chr. Riegels,1793,1861,Danmark,2,"surname+birth_year (auto, single candidate)",NOT individually human-verified -- candidate for review before use as an authority mapping
Reg0040960,"Bournonville, Charlotte (1832–1911)",131,Charlotte Bournonville,1832,22-0,Danmark,2,"surname+birth_year (auto, single candidate)",NOT individually human-verified -- candidate for review before use as an authority mapping
Reg0064040,"Gumpert, N. J. (1805–1854)",386,N.J. Gumpert,1805,1854,Sverige,2,"surname+birth_year (auto, single candidate)",NOT individually human-verified -- candidate for review before use as an authority mapping
Reg0056260,"Faber, Peter (1810–1877)",312,Peter Faber,1810,1877,Danmark,2,"surname+birth_year (auto, single candidate)",NOT individually human-verified -- candidate for review before use as an authority mapping
Reg0107250,"Rosenkilde, Anna, f. Paaske (1825–1885)",883,Anna Rosenkilde,1825,1885,Danmark,2,"surname+birth_year (auto, single candidate)",NOT individually human-verified -- candidate for review before use as an authority mapping
Reg0038000,"Biering, Frederik Ferdinand (1813–1879)",99,Frederik Ferdinand Biering,1813,1879,Danmark,2,"surname+birth_year (auto, single candidate)",NOT individually human-verified -- candidate for review before use as an authority mapping
Reg0041670,"Brandt, August Frederik (1815–1893)",20110,Christian Brandt,1815,1895,Danmark,2,"surname+birth_year (auto, single candidate)",NOT individually human-verified -- candidate for review before use as an authority mapping
Reg0045120,"Bolte, Amalie (1811–1891)",190,Amalie Bölte,1811,1891,Tyskland,2,"surname+birth_year (auto, single candidate)",NOT individually human-verified -- candidate for review before use as an authority mapping
Reg0107230,"Rosenhoff, Claudius (1804–1869)",881,Claudius Rosenhoff,1804,1869,Danmark,2,"surname+birth_year (auto, single candidate)",NOT individually human-verified -- candidate for review before use as an authority mapping
Reg0038640,"Birch-Pfeiffer, Charlotte, f. Pfeiffer (1800–1868)",107,Charlotte Birch-Pfeiffer,1800,1868,Tyskland,2,"surname+birth_year (auto, single candidate)",NOT individually human-verified -- candidate for review before use as an authority mapping
Reg0120170,"Swane, Peter Daniel (1852–1929)",1002,Peter Daniel Swane,1852,1929,Danmark,2,"surname+birth_year (auto, single candidate)",NOT individually human-verified -- candidate for review before use as an authority mapping
Reg0051740,"Decken, Hibernia von der (1808–1863)",19844,Hibernia von der Decken,1808,1863,Tyskland,2,"surname+birth_year (auto, single candidate)",NOT individually human-verified -- candidate for review before use as an authority mapping
Reg0121060,"Taylor, Bayard (1825–1878)",1012,Bayard Taylor,1825,1878,USA,2,"surname+birth_year (auto, single candidate)",NOT individually human-verified -- candidate for review before use as an authority mapping
Reg0105660,"Reventlow-Criminil, Alfred, Greve (1825–1898)",862,Alfred Reventlow-Criminil,1825,1898,Danmark,2,"surname+birth_year (auto, single candidate)",NOT individually human-verified -- candidate for review before use as an authority mapping
Reg0061730,"Gietl, Franz Xaver, Ritter von (1803–1888)",360,Franz Xavier Gietl,1803,1888,Tyskland,2,"surname+birth_year (auto, single candidate)",NOT individually human-verified -- candidate for review before use as an authority mapping
Reg0087020,"Lüttichau, Wolff von (1786–1863)",664,Wolff von Lüttichau,1786,1863,Tyskland,2,"surname+birth_year (auto, single candidate)",NOT individually human-verified -- candidate for review before use as an authority mapping
Reg0052850,"Dodt, Beatus (1817–1901)",273,Beatus Dodt,1817,1901,Danmark,2,"surname+birth_year (auto, single candidate)",NOT individually human-verified -- candidate for review before use as an authority mapping
Reg0068900,"Helms, Svend Henrik (1814–1878)",448,Svend Henrik Helms,1814,1878,Danmark,2,"surname+birth_year (auto, single candidate)",NOT individually human-verified -- candidate for review before use as an authority mapping
Reg0065750,"Hann von Weyhern, Hedwig, f. Albedyll (1822–1864)",408,Hedwig Hann von Weyhern,1822,1864,Tyskland,2,"surname+birth_year (auto, single candidate)",NOT individually human-verified -- candidate for review before use as an authority mapping
Reg0106620,"Rode, Godfred (1830–1878)",874,Gotfred Rode,1830,1878,Danmark,2,"surname+birth_year (auto, single candidate)",NOT individually human-verified -- candidate for review before use as an authority mapping
Reg0091530,"Meyer-Benedictsen, Maria, f. Benedictsen (1835–1874)",1140,Maria Meyer-Benedictsen,1835,1874,Danmark,2,"surname+birth_year (auto, single candidate)",NOT individually human-verified -- candidate for review before use as an authority mapping
Reg0111080,"Schack, Caroline Marie Elisabeth (1820–1899)",912,H. E. Schack,1820,1859,Danmark,2,"surname+birth_year (auto, single candidate)",NOT individually human-verified -- candidate for review before use as an authority mapping
Reg0122660,"Tillisch, F. (1801–1889)",1032,Frederik (Frits) Ferdinand T Tillisch,1801,1889,Danmark,2,"surname+birth_year (auto, single candidate)",NOT individually human-verified -- candidate for review before use as an authority mapping
Reg0103810,"Rafn, C. C. (1795–1864)",835,C. C. Rafn,1795,1864,Danmark,2,"surname+birth_year (auto, single candidate)",NOT individually human-verified -- candidate for review before use as an authority mapping
Reg0085940,"Lose, C. C. (1821–1892)",654,Carl Chr. Lose,1821,1892,Danmark,2,"surname+birth_year (auto, single candidate)",NOT individually human-verified -- candidate for review before use as an authority mapping
Reg0065200,"Hall, Augusta Marie, f. Brøndsted (1816–1891)",393,Augusta Marie Hall,1816,1891,Danmark,2,"surname+birth_year (auto, single candidate)",NOT individually human-verified -- candidate for review before use as an authority mapping
Reg0078150,"Kertbeny, K. M. (1824–1882)",567,K. M. Kertbeny,1824,1882,Tyskland-Ungarn,2,"surname+birth_year (auto, single candidate)",NOT individually human-verified -- candidate for review before use as an authority mapping
Reg0048930,"Coninck, Frédéric de (1779–1852)",229,Louis Ch. Fr. de Coninck,1779,1852,Danmark-Frankrig,2,"surname+birth_year (auto, single candidate)",NOT individually human-verified -- candidate for review before use as an authority mapping
Reg0052820,"Dockum, Carl van (1804–1893)",272,Carl van Dockum,1804,1893,Danmark,2,"surname+birth_year (auto, single candidate)",NOT individually human-verified -- candidate for review before use as an authority mapping
Reg0121400,"Thackeray, W. M. (1811–1863)",1014,W.M. Thackeray,1811,1863,England,2,"surname+birth_year (auto, single candidate)",NOT individually human-verified -- candidate for review before use as an authority mapping
Reg0066500,"Hansen, Magdalene (1841–1894)",415,Joh. Holm Hansen,1841,1920,Danmark,2,"surname+birth_year (auto, single candidate)",NOT individually human-verified -- candidate for review before use as an authority mapping
Reg0108650,"Ræder, Amalie, f. Baur (1810–1895)",900,Caroline Amalie Ræder,1810,1895,Danmark,2,"surname+birth_year (auto, single candidate)",NOT individually human-verified -- candidate for review before use as an authority mapping
Reg0104440,"Ravnkilde, Niels (1823–1890)",847,Niels Ravnkilde,1823,1890,Danmark,2,"surname+birth_year (auto, single candidate)",NOT individually human-verified -- candidate for review before use as an authority mapping
Reg0052180,"Dentu, E. (1830–1884)",261,E. Dentu,1830,1884,Frankrig,2,"surname+birth_year (auto, single candidate)",NOT individually human-verified -- candidate for review before use as an authority mapping
Reg0030120,"Aarestrup, Emil (1800–1856)",20508,Emil Aarestrup,1800,1856,Danmark,2,"surname+birth_year (auto, single candidate)",NOT individually human-verified -- candidate for review before use as an authority mapping
Reg0043750,"Bruun, M. P. (1809–1884)",166,Mads Pagh Bruun,1809,1884,Danmark,2,"surname+birth_year (auto, single candidate)",NOT individually human-verified -- candidate for review before use as an authority mapping
Reg0129410,"Wilster, Ernst (1808–1881)",1092,Ernst Wilster,1808,1881,Danmark,2,"surname+birth_year (auto, single candidate)",NOT individually human-verified -- candidate for review before use as an authority mapping
Reg0065610,"Hammerich, Frederik (1809–1877)",401,Frederik Hammerich,1809,1877,Danmark,2,"surname+birth_year (auto, single candidate)",NOT individually human-verified -- candidate for review before use as an authority mapping
Reg0057870,"Flinch, Alfred (1840–1910)",322,Alfred Carl Johannes Flinch,1840,1910,Danmark,2,"surname+birth_year (auto, single candidate)",NOT individually human-verified -- candidate for review before use as an authority mapping
Reg0104980,"Reinhardt, G. E. F. (1829–1896)",855,C. E. F. Reinhardt,1829,1896,Danmark,2,"surname+birth_year (auto, single candidate)",NOT individually human-verified -- candidate for review before use as an authority mapping
Reg0129920,"Wittusen, Laura (1828–1916)",1100,Laura Wittusen,1828,1916,Danmark,2,"surname+birth_year (auto, single candidate)",NOT individually human-verified -- candidate for review before use as an authority mapping
Reg0089880,"Matthison-Hansen, Gottfred (1832–1909)",1147,Gotfred Matthison-Hansen,1832,1909,Danmark,2,"surname+birth_year (auto, single candidate)",NOT individually human-verified -- candidate for review before use as an authority mapping
Reg0096880,"Nordraak, Richard (1842–1866)",1148,Rikard Nordraak,1842,1833,Norge,2,"surname+birth_year (auto, single candidate)",NOT individually human-verified -- candidate for review before use as an authority mapping
Reg0037160,"Berling, Edward Wilhelm (1813–1883)",88,Edw. W. Berling,1813,1883,Sverige,2,"surname+birth_year (auto, single candidate)",NOT individually human-verified -- candidate for review before use as an authority mapping
Reg0117850,"Steenbuch, Hans Thomas Mathias (1811–1875)",987,Hans Thomas Mathias Steenbuch,1811,1875,Danmark,2,"surname+birth_year (auto, single candidate)",NOT individually human-verified -- candidate for review before use as an authority mapping
Reg0038940,"Bjerring, Mariane, f. Bøggild (1798–1882)",1146,Mariane Bjerring,1798,1882,Danmark,2,"surname+birth_year (auto, single candidate)",NOT individually human-verified -- candidate for review before use as an authority mapping
Reg0046640,"Castilho, Julio de (1840–1919)",198,Julio de Castilho,1840,08-0,Portugal,2,"surname+birth_year (auto, single candidate)",NOT individually human-verified -- candidate for review before use as an authority mapping
Reg0032070,"Andersen, Theodor (1835–1909)",19859,Theodor Andersen,1835,03-0,Danmark,2,"surname+birth_year (auto, single candidate)",NOT individually human-verified -- candidate for review before use as an authority mapping
Reg0076910,"Jürgensen, Alfred (1842–1912)",555,Jacques Alfred Jürgensen,1842,1912,Schweiz,2,"surname+birth_year (auto, single candidate)",NOT individually human-verified -- candidate for review before use as an authority mapping
Reg0099720,"Pedersen, Sophie (1844–1908)",805,Sophie Pedersen,1844,1908,Danmark,2,"surname+birth_year (auto, single candidate)",NOT individually human-verified -- candidate for review before use as an authority mapping
Reg0074490,"Ibsen, Henrik (1828–1906)",528,Henrik Ibsen,1828,1906,Norge,2,"surname+birth_year (auto, single candidate)",NOT individually human-verified -- candidate for review before use as an authority mapping
Reg0058450,"Fraenckel, Elise (1852–1938)",331,Elise Johanne Fraenckel,1852,1938,England,2,"surname+birth_year (auto, single candidate)",NOT individually human-verified -- candidate for review before use as an authority mapping
Reg0037100,"Bergsøe, Vilhelm (1835–1911)",87,Vilhelm Bergsøe,1835,26-0,Danmark,2,"surname+birth_year (auto, single candidate)",NOT individually human-verified -- candidate for review before use as an authority mapping
Reg0121870,"Thomsen, Vilhelm (1842–1927)",1022,Vilhelm Thomsen,1842,1927,Danmark,2,"surname+birth_year (auto, single candidate)",NOT individually human-verified -- candidate for review before use as an authority mapping
Reg0106670,"Rodenberg, Julius (1831–1914)",875,Julius Rodenberg,1831,1914,Tyskland,2,"surname+birth_year (auto, single candidate)",NOT individually human-verified -- candidate for review before use as an authority mapping
Reg0120410,"Sødring, Julie, f. Rosenkilde (1823–1894)",1005,Julie Sødring,1823,1894,Danmark,2,"surname+birth_year (auto, single candidate)",NOT individually human-verified -- candidate for review before use as an authority mapping
Reg0108610,"Rygaard, Viggo (1849–1928)",899,Viggo Rygaard,1849,1928,Danmark,2,"surname+birth_year (auto, single candidate)",NOT individually human-verified -- candidate for review before use as an authority mapping
Reg0129940,"Witzleben, Gerhard August von (1808–1880)",1101,Gerhard Aug. v. Witzleben,1808,1880,Tyskland,2,"surname+birth_year (auto, single candidate)",NOT individually human-verified -- candidate for review before use as an authority mapping
Reg0061280,"Geibel, Marie (1863–1918)",355,Marie Geibel,1863,1918,Danmark,2,"surname+birth_year (auto, single candidate)",NOT individually human-verified -- candidate for review before use as an authority mapping
Reg0035280,"Bayer, Ohr. Fr. (1841–1933)",76,Chr Bayer,1841,22-1,Danmark,2,"surname+birth_year (auto, single candidate)",NOT individually human-verified -- candidate for review before use as an authority mapping
Reg0049910,"Dahl, Johan (1807–1877)",237,Johan Dahl,1807,1877,Norge,2,"surname+birth_year (auto, single candidate)",NOT individually human-verified -- candidate for review before use as an authority mapping
Reg0103930,"Rambusch, W. T. (1839–1896)",838,W. T. Rambusch,1839,1896,Danmark,2,"surname+birth_year (auto, single candidate)",NOT individually human-verified -- candidate for review before use as an authority mapping
Reg0080880,"Krohn, Pietro (1840–1905)",600,Pietro Krohn,1840,1905,Danmark,2,"surname+birth_year (auto, single candidate)",NOT individually human-verified -- candidate for review before use as an authority mapping
Reg0039240,"Blicher, P. B. (1818–1874)",114,Peder Brøckner Blicher,1818,1874,Danmark,2,"surname+birth_year (auto, single candidate)",NOT individually human-verified -- candidate for review before use as an authority mapping
Reg0110380,"Sanne, Viggo (1840–1896)",909,Viggo Sanne,1840,1896,Danmark,2,"surname+birth_year (auto, single candidate)",NOT individually human-verified -- candidate for review before use as an authority mapping
Reg0128570,"Westrup, August (1838–1897)",1084,August Westrup,1838,1897,Danmark,2,"surname+birth_year (auto, single candidate)",NOT individually human-verified -- candidate for review before use as an authority mapping
Reg0035150,"Bauditz, Sophus (1850–1915)",72,Sophus Bauditz,1850,16-0,Danmark,2,"surname+birth_year (auto, single candidate)",NOT individually human-verified -- candidate for review before use as an authority mapping
Reg0085060,"Linde, Andreas (1814–1888)",641,Andreas Linde,1814,1888,Danmark,2,"surname+birth_year (auto, single candidate)",NOT individually human-verified -- candidate for review before use as an authority mapping
Reg0111680,"Scheele, L. N. (1796–1874)",916,L.N. Scheele,1796,1874,Danmark,2,"surname+birth_year (auto, single candidate)",NOT individually human-verified -- candidate for review before use as an authority mapping
Reg0030540,"Adler, D. B. (1826–1878)",19,D B Adler,1826,1878,Danmark,2,"surname+birth_year (auto, single candidate)",NOT individually human-verified -- candidate for review before use as an authority mapping
Reg0090860,"Meldal, Julius (1827–1901)",717,Julius Meldal,1827,1901,Danmark,2,"surname+birth_year (auto, single candidate)",NOT individually human-verified -- candidate for review before use as an authority mapping
Reg0076140,"Jochumsson, Matthias (1835–1920)",547,Matthias Jochumsson,1835,1920,Island,2,"surname+birth_year (auto, single candidate)",NOT individually human-verified -- candidate for review before use as an authority mapping
Reg0058080,"Fog, Bruun Juul (1819–1896)",324,Brun Juul Fog,1819,1896,Danmark,2,"surname+birth_year (auto, single candidate)",NOT individually human-verified -- candidate for review before use as an authority mapping
Reg0033290,"auf der Maur, Xaver (1822–1904)",51,Xaver Auf der Maur,1822,1904,Schweiz,2,"surname+birth_year (auto, single candidate)",NOT individually human-verified -- candidate for review before use as an authority mapping
Reg0087940,"Maase, Olivia von der, f. Colbiørnsen (1795–1877)",759,"Olivia von der, f. Colbiørnsen Maase",1795,1877,Danmark,2,"surname+birth_year (auto, single candidate)",NOT individually human-verified -- candidate for review before use as an authority mapping
Reg0042080,"Bredsdorff, Chr. (1836–1892)",146,Chr Bredsdorff,1836,1892,Danmark,2,"surname+birth_year (auto, single candidate)",NOT individually human-verified -- candidate for review before use as an authority mapping
Reg0040160,"Bojesen, Maria, f. Weise (1807–1898)",121,Maria Bojesen,1807,1898,Danmark,2,"surname+birth_year (auto, single candidate)",NOT individually human-verified -- candidate for review before use as an authority mapping
Reg0073040,"Hornemann, J. W. (1770–1841)",501,J. W. Hornemann,1770,1841,Danmark,2,"surname+birth_year (auto, single candidate)",NOT individually human-verified -- candidate for review before use as an authority mapping
Reg0069150,"Henneberg, Erikke Marie, f. Grønberg (1767–1839)",452,Erikke Marie Henneberg,1767,1839,Danmark,2,"surname+birth_year (auto, single candidate)",NOT individually human-verified -- candidate for review before use as an authority mapping
Reg0035770,"Beck-Friis, Corfitz Augustin, Friherre (1824–1897)",19637,Corfitz Beck-Friis,1824,1897,Sverige,2,"surname+birth_year (auto, single candidate)",NOT individually human-verified -- candidate for review before use as an authority mapping
Reg0031060,"Ainsworth, William Francis (1807–1896)",26,William Francis Ainsworth,1807,1896,England,2,"surname+birth_year (auto, single candidate)",NOT individually human-verified -- candidate for review before use as an authority mapping
Reg0099050,"Palmerston, Emily Mary, Lady, f. Lamb (1787–1869)",793,Emily Palmerston,1787,1869,England,2,"surname+birth_year (auto, single candidate)",NOT individually human-verified -- candidate for review before use as an authority mapping
Reg0073080,"Horner, Leonard (1785–1864)",498,Leonard Horner,1785,1864,England,2,"surname+birth_year (auto, single candidate)",NOT individually human-verified -- candidate for review before use as an authority mapping
Reg0051340,"Dasent, Sir George Webbe (1817–1896)",251,George Webbe Dasent,1817,1896,England,2,"surname+birth_year (auto, single candidate)",NOT individually human-verified -- candidate for review before use as an authority mapping
Reg0085980,"Lotze, Gustav (1825–1893)",655,Gustav Lotze,1825,1893,Danmark,2,"surname+birth_year (auto, single candidate)",NOT individually human-verified -- candidate for review before use as an authority mapping
Reg0043930,"Brøndsted, P. O. (1780–1842)",169,Peter Oluf Brøndsted,1780,1842,Danmark,2,"surname+birth_year (auto, single candidate)",NOT individually human-verified -- candidate for review before use as an authority mapping
Reg0090890,"Mellin, G. H. (1803–1876)",718,G. H. Mellin,1803,1876,Sverige,2,"surname+birth_year (auto, single candidate)",NOT individually human-verified -- candidate for review before use as an authority mapping
Reg0081750,"Lachner, Franz (1803–1890)",607,Franz Lachner,1803,1890,Tyskland,2,"surname+birth_year (auto, single candidate)",NOT individually human-verified -- candidate for review before use as an authority mapping
Reg0069730,"Herloszsohn, Karl (1804–1849)",463,Karl Herloszsohn,1804,1849,Tyskland,2,"surname+birth_year (auto, single candidate)",NOT individually human-verified -- candidate for review before use as an authority mapping
Reg0054940,"Egloffstein, Julie, Grevinde (1792–1869)",301,Julie Egloffstein,1792,1869,Tyskland,2,"surname+birth_year (auto, single candidate)",NOT individually human-verified -- candidate for review before use as an authority mapping
Reg0089400,"Marschner, Heinrich (1795–1861)",690,Heinrich Marschner,1795,1861,Tyskland,2,"surname+birth_year (auto, single candidate)",NOT individually human-verified -- candidate for review before use as an authority mapping
Reg0103120,"Puerari, Marc-Nicolas (1766–1845)",828,Marc-Nicolas Puerari,1766,1845,Schweiz,2,"surname+birth_year (auto, single candidate)",NOT individually human-verified -- candidate for review before use as an authority mapping
Reg0093480,"Mosen, Julius (1803–1867)",740,Julius Mosen,1803,1867,Tyskland,2,"surname+birth_year (auto, single candidate)",NOT individually human-verified -- candidate for review before use as an authority mapping
Reg0038580,"Birch, Christian Andreas (1795–1868)",106,Christian Andreas Birch,1795,1868,Tyskland,2,"surname+birth_year (auto, single candidate)",NOT individually human-verified -- candidate for review before use as an authority mapping
Reg0054130,"Duport, Paul (1798–1866)",289,Paul Duport,1798,1866,Frankrig,2,"surname+birth_year (auto, single candidate)",NOT individually human-verified -- candidate for review before use as an authority mapping
Reg0099480,"Pechlin, Elise von, Baronesse (1792–1858)",796,Elise von Pechlin,1792,1858,Danmark,2,"surname+birth_year (auto, single candidate)",NOT individually human-verified -- candidate for review before use as an authority mapping
Reg0125700,"Vithusen, David (1808–1872)",1054,David Vithusen,1808,1872,Danmark,2,"surname+birth_year (auto, single candidate)",NOT individually human-verified -- candidate for review before use as an authority mapping
Reg0116290,"Snitker, Dorothea (1804–1899)",964,Dorothea [Thea] Snitker,1804,1899,Danmark,2,"surname+birth_year (auto, single candidate)",NOT individually human-verified -- candidate for review before use as an authority mapping
Reg0091550,"Meyerbeer, Giacomo (1791–1864)",726,Giacomo Meyerbeer,1791,1864,Tyskland-Frankrig,2,"surname+birth_year (auto, single candidate)",NOT individually human-verified -- candidate for review before use as an authority mapping
Reg0047710,"Christiani, Rudolf (1797–1858)",207,Rudolf Christiani,1797,1858,Danmark,2,"surname+birth_year (auto, single candidate)",NOT individually human-verified -- candidate for review before use as an authority mapping
Reg0112020,"Schiller, Karl von, Friherre (1793–1857)",918,Carl von Schiller,1793,1878,Tyskland,2,"surname+birth_year (auto, single candidate)",NOT individually human-verified -- candidate for review before use as an authority mapping
Reg0053750,"Dreyschock, Alexander (1818–1869)",284,Alexander Dreyschock,1818,1869,Tjekkiet,2,"surname+birth_year (auto, single candidate)",NOT individually human-verified -- candidate for review before use as an authority mapping
Reg0049990,"Dahlgren, C. F. (1791–1844)",242,Carl Fredrik Dahlgren,1791,1844,Sverige,2,"surname+birth_year (auto, single candidate)",NOT individually human-verified -- candidate for review before use as an authority mapping
Reg0070300,"Hetzel, Jules (1814–1886)",466,Jules Hetzel,1814,1886,Frankrig,2,"surname+birth_year (auto, single candidate)",NOT individually human-verified -- candidate for review before use as an authority mapping
Reg0105400,"Retzsch, Moritz (1779–1857)",858,Moritz Retzsch,1779,1857,Tyskland,2,"surname+birth_year (auto, single candidate)",NOT individually human-verified -- candidate for review before use as an authority mapping
Reg0072060,"Holstein, Bodild, Komtesse (1852–1927)",485,"Bodild, g. Donner Holstein",1852,1927,Danmark,2,"surname+birth_year (auto, single candidate)",NOT individually human-verified -- candidate for review before use as an authority mapping
Reg0091490,"Meyer, Sally (1841–1900)",725,Sally Meyer,1841,1900,Danmark,2,"surname+birth_year (auto, single candidate)",NOT individually human-verified -- candidate for review before use as an authority mapping
Reg0095730,"Neergaard, Joachim Bruun de (1806–1893)",19643,Joachim Bruun de Neergaard,1806,1893,,2,"surname+birth_year (auto, single candidate)",NOT individually human-verified -- candidate for review before use as an authority mapping
Reg0104000,"Ramshardt, Anna Elisabeth (1785–1868)",19658,Frk. Ramshardt,1785,,,2,"surname+birth_year (auto, single candidate)",NOT individually human-verified -- candidate for review before use as an authority mapping
Reg0118360,"Stieler, Josephine, f. von Miller (1808–1890)",19650,Josephine Stieler,1808,1890,Tyskland,2,"surname+birth_year (auto, single candidate)",NOT individually human-verified -- candidate for review before use as an authority mapping
Reg0047330,"Chievitz, Poul (1817–1854)",19692,Poul Chievitz,1817,1854,Danmark,2,"surname+birth_year (auto, single candidate)",NOT individually human-verified -- candidate for review before use as an authority mapping
Reg0048710,"Collin, Kaj Jonas (1867–1938)",19693,Kaj Jonas Collin,1867,1938,,2,"surname+birth_year (auto, single candidate)",NOT individually human-verified -- candidate for review before use as an authority mapping
Reg0049210,"Cornelius, Peter von (1783–1867)",20050,Peter von Cornelius,1783,1867,Tyskland,2,"surname+birth_year (auto, single candidate)",NOT individually human-verified -- candidate for review before use as an authority mapping
Reg0065030,"Hagenau, Mads (1808–1868)",19706,Mads Hagenau,1808,1868,Danmark,2,"surname+birth_year (auto, single candidate)",NOT individually human-verified -- candidate for review before use as an authority mapping
Reg0084900,"Lind, Anna (1843–1915)",19711,Anna Lind,1843,1945,,2,"surname+birth_year (auto, single candidate)",NOT individually human-verified -- candidate for review before use as an authority mapping
Reg0122030,"Thornam, Helga (1853–1887)",19725,Helga Thornam,1853,1869,Danmark,2,"surname+birth_year (auto, single candidate)",NOT individually human-verified -- candidate for review before use as an authority mapping
Reg0111260,"Scharling, Birgitte (1840–1922)",19729,Gitte Scharling,1840,1922,,2,"surname+birth_year (auto, single candidate)",NOT individually human-verified -- candidate for review before use as an authority mapping
Reg0115750,"Sjodén, Adolf (1843–1893)",19731,Adolf Sjödén,1843,1893,Sverige,2,"surname+birth_year (auto, single candidate)",NOT individually human-verified -- candidate for review before use as an authority mapping
Reg0046260,"Castenschiold, Bertha (1868–1951)",19742,Bertha Castenschiold,1868,11-0,Danmark,2,"surname+birth_year (auto, single candidate)",NOT individually human-verified -- candidate for review before use as an authority mapping
Reg0093030,"Moltke-Hvitfeldt, Adam Gottlob, Greve (1796–1876)",19748,Adam Gottlob Moltke-Hvitfeldt,1796,1876,Danmark,2,"surname+birth_year (auto, single candidate)",NOT individually human-verified -- candidate for review before use as an authority mapping
Reg0099340,"Paulli, H. S. (1810–1891)",19766,Holger Simon Paulli,1810,1891,Danmark,2,"surname+birth_year (auto, single candidate)",NOT individually human-verified -- candidate for review before use as an authority mapping
Reg0038260,"Bille, Steen Andersen (1862–1922)",19789,Steen Andersen Bille,1862,1922,Danmark,2,"surname+birth_year (auto, single candidate)",NOT individually human-verified -- candidate for review before use as an authority mapping
Reg0094390,"Müller, Ludvig Christian (1806–1851)",19802,Ludv. Chr. Müller,1806,1851,Danmark,2,"surname+birth_year (auto, single candidate)",NOT individually human-verified -- candidate for review before use as an authority mapping
Reg0126140,"Vrolik, Gerardus (1775–1859)",1060,Gerardus Vrolik,1775,1859,Holland,2,"surname+birth_year (auto, single candidate)",NOT individually human-verified -- candidate for review before use as an authority mapping
Reg0105470,"Reuter, Fritz (1810–1874)",20029,Fritz Reuter,1810,1874,Tyskland,2,"surname+birth_year (auto, single candidate)",NOT individually human-verified -- candidate for review before use as an authority mapping
Reg0077430,"Kaalund, H. V. (1818–1885)",19882,H.V. Kaalund,1818,1885,Danmark,2,"surname+birth_year (auto, single candidate)",NOT individually human-verified -- candidate for review before use as an authority mapping
Reg0130960,"Zahle, Natalie (1827–1913)",19884,Natalie Zahle,1827,1913,Danmark,2,"surname+birth_year (auto, single candidate)",NOT individually human-verified -- candidate for review before use as an authority mapping
Reg0129730,"Winther, Laurentius Robert (1811–1877)",19891,Laurentius Robert Winther,1811,1877,Danmark,2,"surname+birth_year (auto, single candidate)",NOT individually human-verified -- candidate for review before use as an authority mapping
Reg0122910,"Topelius, Zacharias (1818–1898)",19904,Zacharias Topelius,1818,1898,Finland,2,"surname+birth_year (auto, single candidate)",NOT individually human-verified -- candidate for review before use as an authority mapping
Reg0043570,"Bruun, August (1812–1887)",19938,August Bruun,1812,1887,Danmark,2,"surname+birth_year (auto, single candidate)",NOT individually human-verified -- candidate for review before use as an authority mapping
Reg0108130,"Rubinstein, Anton (1829–1894)",20031,Anton Grigorevitj Rubinstein,1829,1894,Rusland,2,"surname+birth_year (auto, single candidate)",NOT individually human-verified -- candidate for review before use as an authority mapping
Reg0039730,"Blunck, D. C. (1798–1854)",20046,Ditlev Conrad Blunck,1798,1854,Holsten,2,"surname+birth_year (auto, single candidate)",NOT individually human-verified -- candidate for review before use as an authority mapping
Reg0091370,"Meyer, Ernst (1797–1861)",20048,Ernst Meyer,1797,1861,,2,"surname+birth_year (auto, single candidate)",NOT individually human-verified -- candidate for review before use as an authority mapping
Reg0092420,"Moltke, Adam Wilhelm, Lensgreve (1785–1864)",19991,Adam Wilhelm Moltke,1785,1864,Danmark,2,"surname+birth_year (auto, single candidate)",NOT individually human-verified -- candidate for review before use as an authority mapping
Reg0099150,"Pardoe, Julia (1806–1862)",20104,Julia Sophia H. Pardoe,1806,1862,England,2,"surname+birth_year (auto, single candidate)",NOT individually human-verified -- candidate for review before use as an authority mapping
Reg0105240,"Renck, Catharine Marie Dorothee Pauline, f. Röseler (1821–1899)",20127,Catharine Renck,1821,1899,Tyskland,2,"surname+birth_year (auto, single candidate)",NOT individually human-verified -- candidate for review before use as an authority mapping
Reg0062430,"Goldschmidt, Ragnhild (1828–1890)",20138,Ragnhild (Rose) Goldschmidt,1828,1890,Danmark,2,"surname+birth_year (auto, single candidate)",NOT individually human-verified -- candidate for review before use as an authority mapping
Reg0079950,"Konow, Wollert (1809–1881)",20156,Wollert Konow,1809,1881,Norge,2,"surname+birth_year (auto, single candidate)",NOT individually human-verified -- candidate for review before use as an authority mapping
Reg0125800,"Vogel von Vogelstein, Carl Christian (1788–1868)",20171,Carl Christian Vogel von Vogelstein,1788,1868,Tyskland,2,"surname+birth_year (auto, single candidate)",NOT individually human-verified -- candidate for review before use as an authority mapping
Reg0050220,"Dall, Lucia Abelona, f. Studsgaard (1735–1829)",20189,Lucia Abelona Dall,1735,1829,Danmark,2,"surname+birth_year (auto, single candidate)",NOT individually human-verified -- candidate for review before use as an authority mapping
Reg0042010,"Bredahl, Christian (1784–1860)",20201,Christian Bredahl,1784,1860,Danmark,2,"surname+birth_year (auto, single candidate)",NOT individually human-verified -- candidate for review before use as an authority mapping
Reg0103650,"Raben, Charlotte (1791–1873)",20018,Charlotte Raben,1791,1873,Danmark,2,"surname+birth_year (auto, single candidate)",NOT individually human-verified -- candidate for review before use as an authority mapping
Reg0130200,"Wolfsohn, Wilhelm (1820–1865)",20208,Wilhelm Wolfsohn,1820,1865,Tyskland,2,"surname+birth_year (auto, single candidate)",NOT individually human-verified -- candidate for review before use as an authority mapping
Reg0031070,"Ainsworth, William Harrison (1805–1882)",20267,William Harrison Ainsworth,1805,1882,England,2,"surname+birth_year (auto, single candidate)",NOT individually human-verified -- candidate for review before use as an authority mapping
Reg0077000,"Jürgensen, Jules F. U. (1837–1894)",20299,Jules F. U. Jürgensen,1837,1894,Schweiz,2,"surname+birth_year (auto, single candidate)",NOT individually human-verified -- candidate for review before use as an authority mapping
Reg0098830,"Padilla y Ramos, Mariano (1842–1906)",20302,Mariano Padilla y Ramos,1842,1906,Spanien,2,"surname+birth_year (auto, single candidate)",NOT individually human-verified -- candidate for review before use as an authority mapping
Reg0051660,"Dawison, Bogumil (1818–1872)",20321,Bogumil Dawison,1818,1872,,2,"surname+birth_year (auto, single candidate)",NOT individually human-verified -- candidate for review before use as an authority mapping
Reg0064590,"Goethe, Walther von (1818–1885)",20007,Walther von Goethe,1818,1885,Tyskland,2,"surname+birth_year (auto, single candidate)",NOT individually human-verified -- candidate for review before use as an authority mapping
Reg0081090,"Krüger, Fritz (1817–1871)",20342,Frits Krüger,1817,1871,Danmark,2,"surname+birth_year (auto, single candidate)",NOT individually human-verified -- candidate for review before use as an authority mapping
Reg0062840,"Grandjean, Axel (1847–1932)",20379,Axel Grandjean,1847,1932,Danmark,2,"surname+birth_year (auto, single candidate)",NOT individually human-verified -- candidate for review before use as an authority mapping
Reg0051500,"David, C. N. (1793–1874)",20495,C.N. David,1793,1874,Danmark,2,"surname+birth_year (auto, single candidate)",NOT individually human-verified -- candidate for review before use as an authority mapping
Reg0065090,"Hahn, Ferdinand Gotz Gustav Adolph Otto Leopold von, Greve (1809–1888)",20525,Ferdinand Götz Gustav Adolph Otto Leopold von Hahn,1809,1888,Tyskland,2,"surname+birth_year (auto, single candidate)",NOT individually human-verified -- candidate for review before use as an authority mapping
Reg0088360,"Magnusson, Finn (1781–1847)",681,Finn Magnússon,1781,1847,Danmark,1,"surname+birth_year (auto, single candidate)",NOT individually human-verified -- candidate for review before use as an authority mapping
Reg0080600,"Krieger, Anna Cathrine, f. Falbe (1770–1843)",597,Anna Cathrine Krieger,1770,1843,Danmark,1,"surname+birth_year (auto, single candidate)",NOT individually human-verified -- candidate for review before use as an authority mapping
Reg0125920,"Voigt, Laurits Peter (1779–1859)",1057,Laur. Peter Voigt,1779,1859,Danmark,1,"surname+birth_year (auto, single candidate)",NOT individually human-verified -- candidate for review before use as an authority mapping
Reg0093580,"Mourier, Carl Anton (1819–1883)",19631,Carl Mourier,1819,1883,,1,"surname+birth_year (auto, single candidate)",NOT individually human-verified -- candidate for review before use as an authority mapping
Reg0068440,"Heiberg, Peter Andreas (1758–1841)",442,P. A. Heiberg,1758,1841,Danmark,1,"surname+birth_year (auto, single candidate)",NOT individually human-verified -- candidate for review before use as an authority mapping
Reg0121660,"Thiele, Sophie, f. Holten (1806–1835)",19633,Sophie M. Thiele,1806,1835,,1,"surname+birth_year (auto, single candidate)",NOT individually human-verified -- candidate for review before use as an authority mapping
Reg0073310,"Houriet, Jules (1780–1852)",506,Jules Houriet,1780,1852,Schweiz,1,"surname+birth_year (auto, single candidate)",NOT individually human-verified -- candidate for review before use as an authority mapping
Reg0073330,"Houriet, Lydie (1786–1840)",20523,Lydie Houriet,1786,1840,Schweiz,1,"surname+birth_year (auto, single candidate)",NOT individually human-verified -- candidate for review before use as an authority mapping
Reg0042100,"Bredsdorff, Jacob Hornemann (1790–1841)",147,Jacob Hornemann Bredsdorff,1790,1841,Danmark,1,"surname+birth_year (auto, single candidate)",NOT individually human-verified -- candidate for review before use as an authority mapping
Reg0084680,"Liebe, C. F. J. H. (1815–1883)",20513,C.F.J.H. Liebe,1815,1883,Danmark,1,"surname+birth_year (auto, single candidate)",NOT individually human-verified -- candidate for review before use as an authority mapping
Reg0045460,"Campbell, Thomas (1777–1844)",191,Thomas Campbell,1777,1844,Skotland,1,"surname+birth_year (auto, single candidate)",NOT individually human-verified -- candidate for review before use as an authority mapping
Reg0103310,"Pätges, Johan Anton (1807–1883)",961,Johan Anton Pätges,1807,1883,Danmark,1,"surname+birth_year (auto, single candidate)",NOT individually human-verified -- candidate for review before use as an authority mapping
Reg0070770,"Hitzig, Julius Eduard (1780–1849)",475,Julius Eduard Hitzig,1780,1849,Tyskland,1,"surname+birth_year (auto, single candidate)",NOT individually human-verified -- candidate for review before use as an authority mapping
Reg0097810,"Olsen, F. C. (1802–1874)",782,F. C. Olsen,1802,1874,Danmark,1,"surname+birth_year (auto, single candidate)",NOT individually human-verified -- candidate for review before use as an authority mapping
Reg0049420,"Coyet, Julius Carl August, Friherre (1811–1858)",233,Carl Aug. Coyet,1811,1858,Danmark-Sverige,1,"surname+birth_year (auto, single candidate)",NOT individually human-verified -- candidate for review before use as an authority mapping
Reg0055500,"Engelstoft, Lauritz (1840–1918)",308,Laurits Engelstoft,1840,1918,Danmark,1,"surname+birth_year (auto, single candidate)",NOT individually human-verified -- candidate for review before use as an authority mapping
Reg0103000,"Prokesch von Osten, Irene v., Friherreinde senere Grevinde, f. Kiesewetter von Wiesenbrunn (1811–1872)",19656,Irene von Prokesch von Osten,1811,1872,,1,"surname+birth_year (auto, single candidate)",NOT individually human-verified -- candidate for review before use as an authority mapping
Reg0047760,"Christides, Demetrios (1795–1879)",208,Demetrios Christides,1795,1879,Grækenland,1,"surname+birth_year (auto, single candidate)",NOT individually human-verified -- candidate for review before use as an authority mapping
Reg0084760,"Liebmann, F. (1813–1856)",635,F. Liebmann,1813,1856,Danmark,1,"surname+birth_year (auto, single candidate)",NOT individually human-verified -- candidate for review before use as an authority mapping
Reg0131590,"Zrza, Christine (1797–1862)",1124,Eleonore Zrza,1797,1862,Danmark,1,"surname+birth_year (auto, single candidate)",NOT individually human-verified -- candidate for review before use as an authority mapping
Reg0062460,"Gomard, Johan Nicolaj (1815–1900)",20200,Johan Nicolaj Gomard,1815,1900,Danmark,1,"surname+birth_year (auto, single candidate)",NOT individually human-verified -- candidate for review before use as an authority mapping
Reg0077580,"Kalkbrenner, F riedrich (1788–1849)",560,Friedrich Kalkbrenner,1788,1849,Tyskland-Frankrig,1,"surname+birth_year (auto, single candidate)",NOT individually human-verified -- candidate for review before use as an authority mapping
Reg0130400,"Wrangel von Brehmer, Augusta Petronella, Friherreinde, f. Wollmar (1812–1873)",1111,Hellevig Augusta Petronella Wrangel von Brehmer,1812,1873,Sverige,1,"surname+birth_year (auto, single candidate)",NOT individually human-verified -- candidate for review before use as an authority mapping
Reg0059010,"Freiligrath, Ida, f. Melos (1817–1899)",1141,Ida Freiligrath,1817,1899,Tyskland,1,"surname+birth_year (auto, single candidate)",NOT individually human-verified -- candidate for review before use as an authority mapping
Reg0061540,"Gertner, J. V. (1818–1871)",359,Joh. Vilh. Gertner,1818,1871,Danmark,1,"surname+birth_year (auto, single candidate)",NOT individually human-verified -- candidate for review before use as an authority mapping
Reg0126500,"Waldstein-Wartenburg, Johann Nepomuk, Greve (1809–1876)",1061,Johann Nepoumuk Waldstein-Wartenburg,1809,1876,Tyskland,1,"surname+birth_year (auto, single candidate)",NOT individually human-verified -- candidate for review before use as an authority mapping
Reg0100870,"Pfordten, Ludwig von der, Friherre (1811–1880)",812,Ludvig v.d. Pfordten,1811,1880,Tyskland,1,"surname+birth_year (auto, single candidate)",NOT individually human-verified -- candidate for review before use as an authority mapping
Reg0031430,"Allingham, William (1824–1889)",28,William Allingham,1824,1889,Irland,1,"surname+birth_year (auto, single candidate)",NOT individually human-verified -- candidate for review before use as an authority mapping
Reg0129360,"Wilson, John (1785–1854)",1090,John Wilson,1785,1854,Skotland,1,"surname+birth_year (auto, single candidate)",NOT individually human-verified -- candidate for review before use as an authority mapping
Reg0098720,"Paar, Ludwig, Greve (1817–1893)",830,Ludwig Paar,1817,1893,Østrig,1,"surname+birth_year (auto, single candidate)",NOT individually human-verified -- candidate for review before use as an authority mapping
Reg0128180,"Wennberg, Fredrik Wilhelm (1799–1881)",1081,Frederik William Wennberg,1799,1881,Sverige,1,"surname+birth_year (auto, single candidate)",NOT individually human-verified -- candidate for review before use as an authority mapping
Reg0081880,"Lagerheim, Julius, Friherre (1786–1868)",610,J. Lagerheim,1786,1868,Sverige,1,"surname+birth_year (auto, single candidate)",NOT individually human-verified -- candidate for review before use as an authority mapping
Reg0081840,"Lagerheim, Charlotta Eugenia Lovisa Augusta, Friherreinde (1828–1892)",609,Charlotta Eugenia Lovisa Augusta Lagerheim,1828,1892,Sverige,1,"surname+birth_year (auto, single candidate)",NOT individually human-verified -- candidate for review before use as an authority mapping
Reg0105860,"Ridderstad, Carl Frederik (1807–1886)",866,C. F. Ridderstad,1807,1886,Danmark,1,"surname+birth_year (auto, single candidate)",NOT individually human-verified -- candidate for review before use as an authority mapping
Reg0065400,"Hamilton, Adolf Ludvig, Greve (1820–1896)",20119,Adolf Hamilton,1820,1896,Sverige,1,"surname+birth_year (auto, single candidate)",NOT individually human-verified -- candidate for review before use as an authority mapping
Reg0087390,"Læssøe, Viggo (1819–1905)",673,Viggo Læssøe,1819,1905,Danmark,1,"surname+birth_year (auto, single candidate)",NOT individually human-verified -- candidate for review before use as an authority mapping
Reg0131520,"Zinn, Ludvig (1808–1868)",19921,Ludvig Zinn,1808,1868,Danmark,1,"surname+birth_year (auto, single candidate)",NOT individually human-verified -- candidate for review before use as an authority mapping
Reg0110810,"Sayn-Wittgenstein, Caroline von, Prinsesse, f. Iwanowska (1819–1887)",910,Caroline Sayn-Wittgenstein,1819,1887,Danmark,1,"surname+birth_year (auto, single candidate)",NOT individually human-verified -- candidate for review before use as an authority mapping
Reg0076020,"Jessen, J. C. von (1817–1884)",546,J. C.  von Jessen,1817,1884,Danmark,1,"surname+birth_year (auto, single candidate)",NOT individually human-verified -- candidate for review before use as an authority mapping
Reg0049440,"Cramer, Michael John (1835–1898)",19869,Michael John Cramer,1835,1898,,1,"surname+birth_year (auto, single candidate)",NOT individually human-verified -- candidate for review before use as an authority mapping
Reg0040150,"Bojesen, E. F. C. (1803–1864)",120,E. F. C. Bojesen,1803,1864,Danmark,1,"surname+birth_year (auto, single candidate)",NOT individually human-verified -- candidate for review before use as an authority mapping
Reg0084740,"Liebig, Justus von, Friherre (1803–1873)",634,Justus von Liebig,1803,1873,Tyskland,1,"surname+birth_year (auto, single candidate)",NOT individually human-verified -- candidate for review before use as an authority mapping
Reg0079430,"Kobell, Franz von (1803–1882)",584,Franz von Kobell,1803,1882,Tyskland,1,"surname+birth_year (auto, single candidate)",NOT individually human-verified -- candidate for review before use as an authority mapping
Reg0117630,"Stampe, Jeanina, Baronesse (1833–1861)",20023,Jeanina Stampe,1833,1861,Danmark,1,"surname+birth_year (auto, single candidate)",NOT individually human-verified -- candidate for review before use as an authority mapping
Reg0097100,"Nyegaard, H. H. (1824–1893)",772,H. H. Nyegaard,1824,1893,Danmark,1,"surname+birth_year (auto, single candidate)",NOT individually human-verified -- candidate for review before use as an authority mapping
Reg0068950,"Helveg, Fr. (1816–1901)",450,Fr. Helveg,1816,1901,Danmark,1,"surname+birth_year (auto, single candidate)",NOT individually human-verified -- candidate for review before use as an authority mapping
Reg0031970,"Andersen, Henriette (1818–1881)",41,Henriette Andersen,1818,1881,Danmark,1,"surname+birth_year (auto, single candidate)",NOT individually human-verified -- candidate for review before use as an authority mapping
Reg0043100,"Brooks, Charles William Shirley (1816–1874)",20297,Shirley [Charles William] Brooks,1816,1874,England,1,"surname+birth_year (auto, single candidate)",NOT individually human-verified -- candidate for review before use as an authority mapping
Reg0067220,"Hartmann, Emil (1836–1898)",19981,Emil Hartmann,1836,1898,Danmark,1,"surname+birth_year (auto, single candidate)",NOT individually human-verified -- candidate for review before use as an authority mapping
Reg0071090,"Hoffmeyer, F. (1835–1910)",478,F. Hoffmeyer,1835,1910,Danmark,1,"surname+birth_year (auto, single candidate)",NOT individually human-verified -- candidate for review before use as an authority mapping
Reg0057450,"Fibiger, Mathilde (1830–1872)",318,Mathilde Fibiger,1830,1872,Danmark,1,"surname+birth_year (auto, single candidate)",NOT individually human-verified -- candidate for review before use as an authority mapping
Reg0127770,"Wegener, C. F. (1802–1893)",1072,Caspar Fr. Wegener,1802,1893,Danmark,1,"surname+birth_year (auto, single candidate)",NOT individually human-verified -- candidate for review before use as an authority mapping
Reg0030930,"Ahlefeldt-Laurvigen, Carl, Greve (1792–1871)",24,Carl Ahlefeldt-Laurvigen,1792,1870,Danmark,1,"surname+birth_year (auto, single candidate)",NOT individually human-verified -- candidate for review before use as an authority mapping
Reg0070470,"Heyse, Paul (1830–1914)",471,Paul Heyse,1830,1914,Tyskland,1,"surname+birth_year (auto, single candidate)",NOT individually human-verified -- candidate for review before use as an authority mapping
Reg0073530,"Humbert, Edouard (1825–1889)",510,Edouard Humbert,1825,1889,Schweiz,1,"surname+birth_year (auto, single candidate)",NOT individually human-verified -- candidate for review before use as an authority mapping
Reg0104670,"Redwitz, Oskar von, Friherre (1823–1891)",852,Oscar v. Redwitz,1823,1891,Tyskland,1,"surname+birth_year (auto, single candidate)",NOT individually human-verified -- candidate for review before use as an authority mapping
Reg0093200,"Monrad, Emilie, f. Lütthans (1815–1871)",738,Emilie Monrad,1815,1871,Danmark,1,"surname+birth_year (auto, single candidate)",NOT individually human-verified -- candidate for review before use as an authority mapping
Reg0060250,"Fønss, Holger Lauritz Basse (1807–1894)",342,Holger Lorenz Basse Fønss,1807,1894,Danmark,1,"surname+birth_year (auto, single candidate)",NOT individually human-verified -- candidate for review before use as an authority mapping
Reg0036990,"Berggreen, A. P. (1801–1880)",86,A. P. Berggreen,1801,1880,Danmark,1,"surname+birth_year (auto, single candidate)",NOT individually human-verified -- candidate for review before use as an authority mapping
Reg0040180,"Bojesen, Sophus (1827–1899)",122,Sophus Bojesen,1827,1899,Danmark,1,"surname+birth_year (auto, single candidate)",NOT individually human-verified -- candidate for review before use as an authority mapping
Reg0087550,"Løvenskiold, Carl Ludvig (1822–1898)",675,Carl Ludvig Løvenskiold,1822,1898,Danmark,1,"surname+birth_year (auto, single candidate)",NOT individually human-verified -- candidate for review before use as an authority mapping
Reg0102550,"Preetzmann, C. (1822–1895)",822,C. Preetzmann.,1822,1895,Danmark,1,"surname+birth_year (auto, single candidate)",NOT individually human-verified -- candidate for review before use as an authority mapping
Reg0099040,"Palme, Henrik (1841–1932)",792,J. H. Palme,1841,1932,Sverige,1,"surname+birth_year (auto, single candidate)",NOT individually human-verified -- candidate for review before use as an authority mapping
Reg0061530,"Gerstenberg, Karl von (1838–1888)",358,Karl von Gerstenberg,1838,1888,Tyskland,1,"surname+birth_year (auto, single candidate)",NOT individually human-verified -- candidate for review before use as an authority mapping
Reg0095290,"Mørk, J. M. (1827–1889)",758,J. M. Mørk,1827,1889,Danmark,1,"surname+birth_year (auto, single candidate)",NOT individually human-verified -- candidate for review before use as an authority mapping
Reg0047560,"Christensen, Harald (1823–1892)",204,Harald Christensen,1823,1892,Danmark,1,"surname+birth_year (auto, single candidate)",NOT individually human-verified -- candidate for review before use as an authority mapping
Reg0111580,"Scheel, Marie, Komtesse (1842–1933)",20021,Marie Scheel,1842,1933,Danmark,1,"surname+birth_year (auto, single candidate)",NOT individually human-verified -- candidate for review before use as an authority mapping
Reg0060950,"Gatty, Margaret, f. Scott (1809–1873)",350,Margaret Gatty,1809,1873,England,1,"surname+birth_year (auto, single candidate)",NOT individually human-verified -- candidate for review before use as an authority mapping
Reg0131870,"Ørsted, Anders Sandøe (1778–1860)",20009,Anders Sandøe Ørsted,1778,1860,Danmark,1,"surname+birth_year (auto, single candidate)",NOT individually human-verified -- candidate for review before use as an authority mapping
Reg0116710,"Soveral, A. Pinto de, Visconde (1812–1905)",971,A. Pinto de Soveral,1812,1905,Portugal,1,"surname+birth_year (auto, single candidate)",NOT individually human-verified -- candidate for review before use as an authority mapping
Reg0114100,"Schwab, Gustav (1792–1850)",20500,Gustav Schwab,1792,1850,Tyskland,1,"surname+birth_year (auto, single candidate)",NOT individually human-verified -- candidate for review before use as an authority mapping
Reg0107200,"Rosendahl, Hans (1822–1900)",880,Hans Rosendahl,1822,1900,Danmark,1,"surname+birth_year (auto, single candidate)",NOT individually human-verified -- candidate for review before use as an authority mapping
Reg0072270,"Holstein-Holsteinborg, Ludvig, Lensgreve (1815–1892)",492,Ludvig Holstein-Holsteinborg,1815,1892,Danmark,1,"surname+birth_year (auto, single candidate)",NOT individually human-verified -- candidate for review before use as an authority mapping
Reg0100480,"Petersen, P. Holger (1813–1883)",19820,P. Holger Petersen,1813,1883,Danmark,1,"surname+birth_year (auto, single candidate)",NOT individually human-verified -- candidate for review before use as an authority mapping
Reg0067760,"Haugsted, J. (1804–1889)",432,J. Haugsted,1804,1889,Danmark,1,"surname+birth_year (auto, single candidate)",NOT individually human-verified -- candidate for review before use as an authority mapping
Reg0093600,"Mourier, Louis (1805–1877)",742,Louis Mourier,1805,1877,Danmark,1,"surname+birth_year (auto, single candidate)",NOT individually human-verified -- candidate for review before use as an authority mapping
Reg0071510,"Holck, Nathalia, Grevinde, f. Ryge (1816–1895)",479,Natalia Holck,1816,1895,Danmark,1,"surname+birth_year (auto, single candidate)",NOT individually human-verified -- candidate for review before use as an authority mapping
Reg0105640,"Reventlow, Hilda, Komtesse (1828–1900)",861,Hilda Reventlow,1828,1900,Danmark,1,"surname+birth_year (auto, single candidate)",NOT individually human-verified -- candidate for review before use as an authority mapping
Reg0070370,"Heydebrand und der Lasa, Tassilo von (1818–1899)",468,Tassilo von Heydebrand und der Lasa,1818,1899,Tyskland,1,"surname+birth_year (auto, single candidate)",NOT individually human-verified -- candidate for review before use as an authority mapping
Reg0102910,"Price, Waldemar (1836–1908)",824,Waldemar Price,1836,1908,Danmark,1,"surname+birth_year (auto, single candidate)",NOT individually human-verified -- candidate for review before use as an authority mapping
Reg0122010,"Thorkilsen, Christen (1833–1881)",1023,Christen Thorkilsen,1833,1881,Danmark,1,"surname+birth_year (auto, single candidate)",NOT individually human-verified -- candidate for review before use as an authority mapping
Reg0090800,"Melchior, Theodor Emanuel Jacob (1845–1882)",714,Theodor Melchior,1845,1882,Danmark,1,"surname+birth_year (auto, single candidate)",NOT individually human-verified -- candidate for review before use as an authority mapping
Reg0096690,"Niss, Thorvald (1842–1905)",770,Th. Niss,1842,1905,Danmark,1,"surname+birth_year (auto, single candidate)",NOT individually human-verified -- candidate for review before use as an authority mapping
Reg0112750,"Schmidt, Ferdinand (1833–1893)",922,Ferd. Schmidt,1833,1893,Danmark,1,"surname+birth_year (auto, single candidate)",NOT individually human-verified -- candidate for review before use as an authority mapping
Reg0070410,"Heyerdahl, Henry (1825–1903)",470,Henry Louis Stanislaus Mortier de Heyerdahl,1825,1903,Norge,1,"surname+birth_year (auto, single candidate)",NOT individually human-verified -- candidate for review before use as an authority mapping
Reg0070390,"Heyerdahl, Amalie, f. Klenau (1828–1904)",469,Amalie Heyerdahl,1828,1904,Norge,1,"surname+birth_year (auto, single candidate)",NOT individually human-verified -- candidate for review before use as an authority mapping
Reg0048230,"Cohen, Rachel, f. Henriques (1828–1881)",212,Rachel Cohen,1828,1881,Danmark,1,"surname+birth_year (auto, single candidate)",NOT individually human-verified -- candidate for review before use as an authority mapping
Reg0040020,"Boesen, A. (1814–1890)",119,Adolf Boesen,1814,1890,Danmark,1,"surname+birth_year (auto, single candidate)",NOT individually human-verified -- candidate for review before use as an authority mapping
Reg0122580,"Tietgen, C. F. (1829–1901)",1030,C.F. Tietgen,1829,1901,Danmark,1,"surname+birth_year (auto, single candidate)",NOT individually human-verified -- candidate for review before use as an authority mapping
Reg0044540,"Busch, Volkmar (1812–1893)",179,Volkmar Busch,1812,1893,Danmark,1,"surname+birth_year (auto, single candidate)",NOT individually human-verified -- candidate for review before use as an authority mapping
Reg0061250,"Geibel, Karl (1806–1884)",354,Karl Geibel,1806,1884,Tyskland,1,"surname+birth_year (auto, single candidate)",NOT individually human-verified -- candidate for review before use as an authority mapping
Reg0085340,"Linnström, Hj. (1836–1914)",642,Hj. Linnström,1836,1914,Sverige,1,"surname+birth_year (auto, single candidate)",NOT individually human-verified -- candidate for review before use as an authority mapping
Reg0080030,"Koren, Elisa (1778–1874)",1142,Elisa Koren,1778,1874,Danmark,1,"surname+birth_year (auto, single candidate)",NOT individually human-verified -- candidate for review before use as an authority mapping
Reg0112810,"Schmidt, Karl (1844–1922)",923,Karl Schmidt,1844,1922,Danmark,1,"surname+birth_year (auto, single candidate)",NOT individually human-verified -- candidate for review before use as an authority mapping
Reg0037290,"Berner, Iwan (1850–1925)",89,Iwan Berner,1850,24-1,Danmark,1,"surname+birth_year (auto, single candidate)",NOT individually human-verified -- candidate for review before use as an authority mapping
Reg0080670,"Kringelbach, Viggo (1874–1951)",598,Viggo Kringelbach,1874,1951,Danmark,1,"surname+birth_year (auto, single candidate)",NOT individually human-verified -- candidate for review before use as an authority mapping
Reg0111210,"Schandorph, Sophus (1836–1901)",913,Sophus Schandorph,1836,1901,Danmark,1,"surname+birth_year (auto, single candidate)",NOT individually human-verified -- candidate for review before use as an authority mapping
Reg0114850,"Seidel, Heinrich (1842–1906)",947,Heinrich Seidel,1842,1906,Tyskland,1,"surname+birth_year (auto, single candidate)",NOT individually human-verified -- candidate for review before use as an authority mapping
Reg0098690,"Oxholm, W. (1805–1876)",791,W. T. Oxholm,1805,1876,Danmark,1,"surname+birth_year (auto, single candidate)",NOT individually human-verified -- candidate for review before use as an authority mapping
Reg0128000,"Weiss, Olga (1853–1903)",1076,Olga Weiss,1853,1903,Tyskland,1,"surname+birth_year (auto, single candidate)",NOT individually human-verified -- candidate for review before use as an authority mapping
Reg0097000,"Nutzhorn, Ditlev von (1800–1865)",771,Ditlev Nutzhorn,1800,1865,Danmark,1,"surname+birth_year (auto, single candidate)",NOT individually human-verified -- candidate for review before use as an authority mapping
Reg0105700,"Reybaud, Fanny, f. Arnaud (1802–1871)",863,Fanny Reybaud,1802,1871,Frankrig,1,"surname+birth_year (auto, single candidate)",NOT individually human-verified -- candidate for review before use as an authority mapping
Reg0066140,"Hansen, Christian Frederik (1825–1850)",418,Rasmus Hansen,1825,1883,Danmark,1,"surname+birth_year (auto, single candidate)",NOT individually human-verified -- candidate for review before use as an authority mapping
Reg0096310,"Nielsen, Bentine (1834–1928)",767,Bentine Nielsen,1834,1928,Danmark,1,"surname+birth_year (auto, single candidate)",NOT individually human-verified -- candidate for review before use as an authority mapping
Reg0074660,"Ingerslev, Jakob Frederik (1819–1897)",531,Jacob Ingerslev,1819,1897,Danmark,1,"surname+birth_year (auto, single candidate)",NOT individually human-verified -- candidate for review before use as an authority mapping
Reg0037520,"Bertelsen, Caroline Frederikke, f. Ridiger (1790–1877)",90,Caroline Frederikke Bertelsen,1790,1877,Danmark,1,"surname+birth_year (auto, single candidate)",NOT individually human-verified -- candidate for review before use as an authority mapping
Reg0129520,"Winding, Clara, f. Hartmann (1839–1925)",1094,Clara Winding,1839,25-0,Danmark,1,"surname+birth_year (auto, single candidate)",NOT individually human-verified -- candidate for review before use as an authority mapping
Reg0032870,"Arndt, Ernst Moritz (1769–1860)",46,Ernst Moritz Arndt,1769,1860,Tyskland,1,"surname+birth_year (auto, single candidate)",NOT individually human-verified -- candidate for review before use as an authority mapping
Reg0124170,"Tønder Lund, Laura (1803–1831)",20108,Laura Tønder Lund,1803,1831,Danmark,1,"surname+birth_year (auto, single candidate)",NOT individually human-verified -- candidate for review before use as an authority mapping
Reg0077620,"Kalliwoda, J. W. (1801–1866)",561,Johan Wenzel Kalliwoda,1801,1866,Bøhmen,1,"surname+birth_year (auto, single candidate)",NOT individually human-verified -- candidate for review before use as an authority mapping
Reg0045740,"Carlén, Johan Gabriel (1814–1875)",323,Johan Gabriel Carlén,1814,1875,Sverige,1,"surname+birth_year (auto, single candidate)",NOT individually human-verified -- candidate for review before use as an authority mapping
Reg0054690,"Eckermann, Johann Peter (1792–1854)",300,Johann Peter Eckermann,1792,1854,Tyskland,1,"surname+birth_year (auto, single candidate)",NOT individually human-verified -- candidate for review before use as an authority mapping
Reg0085550,"Lobedanz, Karl Friedrich Theodor (1809–1889)",647,Theodor [Karl Friedrich] Lobedanz,1809,1889,Tyskland,1,"surname+birth_year (auto, single candidate)",NOT individually human-verified -- candidate for review before use as an authority mapping
Reg0116610,"Sonnleithner, Joseph (1766–1835)",969,Jospeh Sonnleithner,1766,1855,Østrig,1,"surname+birth_year (auto, single candidate)",NOT individually human-verified -- candidate for review before use as an authority mapping
Reg0059850,"Fryxell, Anders (1795–1881)",339,Anders Fryxell,1795,1881,Sverige,1,"surname+birth_year (auto, single candidate)",NOT individually human-verified -- candidate for review before use as an authority mapping
Reg0104500,"Reboul, Jean (1795–1864)",849,Jean Reboul,1795,1864,Frankrig,1,"surname+birth_year (auto, single candidate)",NOT individually human-verified -- candidate for review before use as an authority mapping
Reg0081410,"Kühne, Gustav (1806–1888)",605,F. Gustav Kühne,1806,1888,Tyskland,1,"surname+birth_year (auto, single candidate)",NOT individually human-verified -- candidate for review before use as an authority mapping
Reg0031730,"Ancelot, Virginie, f. Chardon (1792–1875)",33,Virginie Ancelot,1792,1875,Frankrig,1,"surname+birth_year (auto, single candidate)",NOT individually human-verified -- candidate for review before use as an authority mapping
Reg0031720,"Ancelot, François (1794–1854)",32,François Ancelot,1794,1854,Frankrig,1,"surname+birth_year (auto, single candidate)",NOT individually human-verified -- candidate for review before use as an authority mapping
Reg0064200,"Gutzkow, Karl (1811–1878)",387,Karl Gutzkow,1811,1878,Tyskland,1,"surname+birth_year (auto, single candidate)",NOT individually human-verified -- candidate for review before use as an authority mapping
Reg0035170,"Bauernfeld, Eduard von (1802–1890)",73,Eduard von Bauernfeld,1802,1890,Østrig,1,"surname+birth_year (auto, single candidate)",NOT individually human-verified -- candidate for review before use as an authority mapping
Reg0076630,"Juel, Niels (1796–1874)",553,Niels Juel,1796,1874,Danmark,1,"surname+birth_year (auto, single candidate)",NOT individually human-verified -- candidate for review before use as an authority mapping
Reg0091390,"Meyer, Friedrich Rudolph (1807–1882)",722,Friedrich Rudolph Meyer,1807,1882,Tyskland,1,"surname+birth_year (auto, single candidate)",NOT individually human-verified -- candidate for review before use as an authority mapping
Reg0073630,"Hundrup, Carl Vilhelm (1807–1888)",512,Carl Wilhelm Hundrup,1807,1888,Danmark,1,"surname+birth_year (auto, single candidate)",NOT individually human-verified -- candidate for review before use as an authority mapping
Reg0042430,"Brinck-Seidelin, Hans Didrik (1780–1831)",153,Hans Didrik Brinck-Seidelin,1780,1831,Danmark,1,"surname+birth_year (auto, single candidate)",NOT individually human-verified -- candidate for review before use as an authority mapping
Reg0085010,"Lindberg, Henrik Frederik (1807–1868)",639,Henrik Frederik Lindberg,1807,1868,Danmark,1,"surname+birth_year (auto, single candidate)",NOT individually human-verified -- candidate for review before use as an authority mapping
Reg0072290,"Holstein, Marie von (1799–1860)",487,Christiane Marie von Holstein,1799,1860,Danmark,1,"surname+birth_year (auto, single candidate)",NOT individually human-verified -- candidate for review before use as an authority mapping
Reg0072170,"Holstein, Halfdan Valdemar von (1810–1859)",488,Halfdan von Holstein,1810,1859,Danmark,1,"surname+birth_year (auto, single candidate)",NOT individually human-verified -- candidate for review before use as an authority mapping
Reg0072190,"Holstein, Henning Christoph von (1769–1836)",490,Henning von Holstein,1769,1836,Danmark,1,"surname+birth_year (auto, single candidate)",NOT individually human-verified -- candidate for review before use as an authority mapping
Reg0072180,"Holstein, Harald von (1807–1846)",489,Harald von Holstein,1807,1846,Danmark,1,"surname+birth_year (auto, single candidate)",NOT individually human-verified -- candidate for review before use as an authority mapping
Reg0113300,"Schou, Christen Mandix (1805–1857)",930,Christen Mandix Schou,1805,1857,Danmark,1,"surname+birth_year (auto, single candidate)",NOT individually human-verified -- candidate for review before use as an authority mapping
Reg0128260,"Werliin, Christian (1804–1866)",1083,Christian Werliin,1804,1866,Danmark,1,"surname+birth_year (auto, single candidate)",NOT individually human-verified -- candidate for review before use as an authority mapping
Reg0051270,"Dardel, Fritz von (1817–1901)",250,Fritz von Dardel,1817,1901,Sverige,1,"surname+birth_year (auto, single candidate)",NOT individually human-verified -- candidate for review before use as an authority mapping
Reg0037860,"Beyer, Siile (1803–1861)",97,Sille Beyer,1803,1861,Danmark,1,"surname+birth_year (auto, single candidate)",NOT individually human-verified -- candidate for review before use as an authority mapping
Reg0117280,"Stålberg, Vilhelmina (1803–1872)",999,Karolina Vilhelmina Stålberg,1803,1872,Sverige,1,"surname+birth_year (auto, single candidate)",NOT individually human-verified -- candidate for review before use as an authority mapping
Reg0121410,"Thalberg, Sigismund (1812–1871)",1015,Sigismund Thalberg,1812,1871,Tyskland,1,"surname+birth_year (auto, single candidate)",NOT individually human-verified -- candidate for review before use as an authority mapping
Reg0114610,"Scott, Sir Walter (1771–1832)",945,Walter Scott,1771,1832,Danmark,1,"surname+birth_year (auto, single candidate)",NOT individually human-verified -- candidate for review before use as an authority mapping
Reg0084340,"Lewald, Fanny (1811–1889)",630,Fanny Lewald,1811,1889,Tyskland,1,"surname+birth_year (auto, single candidate)",NOT individually human-verified -- candidate for review before use as an authority mapping
Reg0054270,"Dyck, Herman (1812–1874)",291,Hermann Dyck,1812,1874,Tyskland,1,"surname+birth_year (auto, single candidate)",NOT individually human-verified -- candidate for review before use as an authority mapping
Reg0114260,"Schwartzkopf, C. F. (1817–1893)",19885,C. F. Schwartzkopf,1817,1893,Danmark,1,"surname+birth_year (auto, single candidate)",NOT individually human-verified -- candidate for review before use as an authority mapping
Reg0093190,"Monrad, D. G. (1811–1887)",19886,D.G. Monrad,1811,1887,Danmark,1,"surname+birth_year (auto, single candidate)",NOT individually human-verified -- candidate for review before use as an authority mapping
Reg0117040,"Spohr, Ludwig (1784–1859)",974,Ludwig Spohr,1784,1859,Tyskland,1,"surname+birth_year (auto, single candidate)",NOT individually human-verified -- candidate for review before use as an authority mapping
Reg0088500,"Maltitz, Apollonius August von, Friherre (1795–1870)",683,Apollonius von Maltitz,1795,1870,Tyskland,1,"surname+birth_year (auto, single candidate)",NOT individually human-verified -- candidate for review before use as an authority mapping
Reg0116550,"Sonne, Edvard (1804–1878)",966,C. E. Sonne,1804,1878,Danmark,1,"surname+birth_year (auto, single candidate)",NOT individually human-verified -- candidate for review before use as an authority mapping
Reg0079970,"Koop, Andreas Ludvig (1792–1849)",593,Andreas Ludvig Koop,1792,1849,Danmark,1,"surname+birth_year (auto, single candidate)",NOT individually human-verified -- candidate for review before use as an authority mapping
Reg0112450,"Schlick, Benjamin (1796–1872)",920,Benjamin Gotthold Schlick,1796,1872,Danmark,1,"surname+birth_year (auto, single candidate)",NOT individually human-verified -- candidate for review before use as an authority mapping
Reg0108550,"Rückert, Friedrich (1788–1866)",20529,Friedrich Rückert,1788,1866,Tyskland,1,"surname+birth_year (auto, single candidate)",NOT individually human-verified -- candidate for review before use as an authority mapping
Reg0113060,"Schober, Franz von (1796–1882)",927,Franz von Schober,1796,1882,Tyskland,1,"surname+birth_year (auto, single candidate)",NOT individually human-verified -- candidate for review before use as an authority mapping
Reg0100640,"Petit-Senn, J. (1792–1870)",809,J. Petit-Senn,1792,1870,Schweiz,1,"surname+birth_year (auto, single candidate)",NOT individually human-verified -- candidate for review before use as an authority mapping
Reg0034520,"Barbier, Auguste (1805–1882)",64,Auguste Barbier,1805,1882,Frankrig,1,"surname+birth_year (auto, single candidate)",NOT individually human-verified -- candidate for review before use as an authority mapping
Reg0130270,"Wolzogen, Karoline von, f. von Lengefeld (1763–1847)",1105,Karoline von Wolzogen,1763,1847,Tyskland,1,"surname+birth_year (auto, single candidate)",NOT individually human-verified -- candidate for review before use as an authority mapping
Reg0131130,"Zedlitz, Joseph Christian von, Baron (1790–1862)",1119,Joseph Christian von Zedlitz,1790,1862,Østrig,1,"surname+birth_year (auto, single candidate)",NOT individually human-verified -- candidate for review before use as an authority mapping
Reg0116300,"Snitker, Jens Peter (1770–1847)",965,Jens Peter Snitker,1770,1847,Danmark,1,"surname+birth_year (auto, single candidate)",NOT individually human-verified -- candidate for review before use as an authority mapping
Reg0120890,"Tarantini, Leopoldo (1812–1882)",1037,Leopoldo Tarantini,1812,1882,Italien,1,"surname+birth_year (auto, single candidate)",NOT individually human-verified -- candidate for review before use as an authority mapping
Reg0114870,"Seidl, Johann Gabriel (1804–1875)",948,Johann Gabriel Seidl,1804,1875,Østrig,1,"surname+birth_year (auto, single candidate)",NOT individually human-verified -- candidate for review before use as an authority mapping
Reg0042040,"Bredal, Ivar Fr. (1800–1864)",145,Ivar Bredal,1800,1864,Danmark,1,"surname+birth_year (auto, single candidate)",NOT individually human-verified -- candidate for review before use as an authority mapping
Reg0112900,"Schmitt, Aloys (1788–1866)",925,Aloys Schmitt,1788,1866,Tyskland,1,"surname+birth_year (auto, single candidate)",NOT individually human-verified -- candidate for review before use as an authority mapping
Reg0102530,"Prangen, Henriette von (1805–1883)",821,Henriette von Prangen,1805,1883,Danmark,1,"surname+birth_year (auto, single candidate)",NOT individually human-verified -- candidate for review before use as an authority mapping
Reg0117520,"Stammann, Friedrich (1807–1880)",978,Friedrich Stammann,1807,1880,Tyskland,1,"surname+birth_year (auto, single candidate)",NOT individually human-verified -- candidate for review before use as an authority mapping
Reg0103400,"Quételet, Jacques (1796–1874)",832,Lambert Adolphe Jacques Quételet,1796,1874,Belgien,1,"surname+birth_year (auto, single candidate)",NOT individually human-verified -- candidate for review before use as an authority mapping
Reg0125220,"Vespermann, Wilhelm (1784–1837)",1050,Wilhelm Vespermann,1784,1837,Tyskland,1,"surname+birth_year (auto, single candidate)",NOT individually human-verified -- candidate for review before use as an authority mapping
Reg0122570,"Tiedge, Christoph August (1752–1841)",1029,Christoph August Tiedge,1752,1841,Tyskland,1,"surname+birth_year (auto, single candidate)",NOT individually human-verified -- candidate for review before use as an authority mapping
Reg0079660,"Koch, Karl (1809–1879)",588,Karl Koch,1809,1879,Tyskland,1,"surname+birth_year (auto, single candidate)",NOT individually human-verified -- candidate for review before use as an authority mapping
Reg0067540,"Hase, Karl August von (1800–1890)",428,Karl August von Hase,1800,1890,Tyskland,1,"surname+birth_year (auto, single candidate)",NOT individually human-verified -- candidate for review before use as an authority mapping
Reg0111760,"Schelling, Friedrich Wilhelm (1775–1854)",917,Friedrich Wilhelm Schelling,1775,1854,Tyskland,1,"surname+birth_year (auto, single candidate)",NOT individually human-verified -- candidate for review before use as an authority mapping
Reg0129310,"Willmers, Rudolph (1821–1878)",1088,Henri Rudolph Willmers,1821,1878,Tyskland,1,"surname+birth_year (auto, single candidate)",NOT individually human-verified -- candidate for review before use as an authority mapping
Reg0049380,"Courländer, Bernhard (1815–1898)",231,Bernhard Courländer,1815,1898,Danmark,1,"surname+birth_year (auto, single candidate)",NOT individually human-verified -- candidate for review before use as an authority mapping
Reg0078020,"Kellermann, Christian (1815–1866)",566,Christian Kellermann,1815,1866,Danmark,1,"surname+birth_year (auto, single candidate)",NOT individually human-verified -- candidate for review before use as an authority mapping
Reg0102270,"Pott, August (1806–1883)",820,August Pott,1806,1883,Tyskland,1,"surname+birth_year (auto, single candidate)",NOT individually human-verified -- candidate for review before use as an authority mapping
Reg0105910,"Rieffel, Amalia (1820–1877)",867,Amalia Rieffel,1820,1877,Danmark,1,"surname+birth_year (auto, single candidate)",NOT individually human-verified -- candidate for review before use as an authority mapping
Reg0124530,"Ulrichs, Heinrich (1807–1843)",1046,Heinrich N. Ulrichs,1807,1843,Tyskland,1,"surname+birth_year (auto, single candidate)",NOT individually human-verified -- candidate for review before use as an authority mapping
Reg0092880,"Moltke, Otto Joachim, Greve (1770–1853)",735,Otto Moltke,1770,1853,Danmark,1,"surname+birth_year (auto, single candidate)",NOT individually human-verified -- candidate for review before use as an authority mapping
Reg0112940,"Schneekloth, Hans (1812–1882)",20399,Hans Schneekloth,1812,1882,Danmark,1,"surname+birth_year (auto, single candidate)",NOT individually human-verified -- candidate for review before use as an authority mapping
Reg0073430,"Hudtwalcker, Carl (1782–1854)",20453,Carl Hudtwalcker,1782,1854,Tyskland,1,"surname+birth_year (auto, single candidate)",NOT individually human-verified -- candidate for review before use as an authority mapping
Reg0059340,"Friedländer, Ludwig Herman (1790–1851)",19641,Ludwig Herman Friedländer,1790,1851,,1,"surname+birth_year (auto, single candidate)",NOT individually human-verified -- candidate for review before use as an authority mapping
Reg0077060,"Jürgensen, Sophie Henriette, f. Houriet (1780–1852)",19642,Sophie Henriette Jürgensen,1780,1852,,1,"surname+birth_year (auto, single candidate)",NOT individually human-verified -- candidate for review before use as an authority mapping
Reg0067600,"Hass, Laura (1812–1875)",19663,Laura Hass,1812,1875,,1,"surname+birth_year (auto, single candidate)",NOT individually human-verified -- candidate for review before use as an authority mapping
Reg0051110,"Danneskiold-Samsøe, Henriette, Lensgrevinde, f. Kaas (1776–1843)",19661,Henriette Danneskiold-Samsøe,1776,1843,,1,"surname+birth_year (auto, single candidate)",NOT individually human-verified -- candidate for review before use as an authority mapping
Reg0092840,"Moltke, Marie Elisabeth, Lensgrevinde, f. Komtesse Knuth (1791–1851)",19662,Marie Elisabeth Moltke,1791,1851,Danmark,1,"surname+birth_year (auto, single candidate)",NOT individually human-verified -- candidate for review before use as an authority mapping
Reg0115990,"Smidt, Carl Christian (1799–1865)",19659,Carl Christian Smidt,1799,1865,,1,"surname+birth_year (auto, single candidate)",NOT individually human-verified -- candidate for review before use as an authority mapping
Reg0081370,"Küchler, Albert (1803–1886)",19645,Albert Küchler,1803,1886,,1,"surname+birth_year (auto, single candidate)",NOT individually human-verified -- candidate for review before use as an authority mapping
Reg0081200,"Kudraffsky, Ludwig von (1805–1894)",19657,Ludwig von Kudraffsky,1805,1894,Østrig,1,"surname+birth_year (auto, single candidate)",NOT individually human-verified -- candidate for review before use as an authority mapping
Reg0130570,"Wulff, Ida (1806–1876)",19647,Ida Wulff,1806,1876,,1,"surname+birth_year (auto, single candidate)",NOT individually human-verified -- candidate for review before use as an authority mapping
Reg0087590,"Løvenskiold, Emst (1803–1867)",19649,Ernst Løvenskiold,1803,1867,Norge,1,"surname+birth_year (auto, single candidate)",NOT individually human-verified -- candidate for review before use as an authority mapping
Reg0095540,"Nebelong, N. S. (1806–1871)",19653,N.S. Nebelong,1806,1871,,1,"surname+birth_year (auto, single candidate)",NOT individually human-verified -- candidate for review before use as an authority mapping
Reg0071500,"Holck, Julius, Greve (1789–1857)",19665,Julius Holck,1789,1857,,1,"surname+birth_year (auto, single candidate)",NOT individually human-verified -- candidate for review before use as an authority mapping
Reg0071430,"Holck, Caroline Elisabeth, Grevinde, f. Møller (1795–1852)",19664,Caroline Elisabeth Holck,1795,1852,Danmark,1,"surname+birth_year (auto, single candidate)",NOT individually human-verified -- candidate for review before use as an authority mapping
Reg0109260,"Saabye, Peter (1784–1859)",19667,Peter Saabye,1784,1859,Danmark,1,"surname+birth_year (auto, single candidate)",NOT individually human-verified -- candidate for review before use as an authority mapping
Reg0035490,"Beaulieu-Marconnay, Edmund von, Friherre (1817–1900)",19670,Edmund von Beaulieu-Marconnay,1817,1900,Tyskland,1,"surname+birth_year (auto, single candidate)",NOT individually human-verified -- candidate for review before use as an authority mapping
Reg0050960,"Dannemand, Louise Christiane, Lensgrevinde, f. Komtesse Schulin (1815–1884)",19672,Louise Christiane Dannemand,1815,1884,,1,"surname+birth_year (auto, single candidate)",NOT individually human-verified -- candidate for review before use as an authority mapping
Reg0082120,"Lange, Josephine, f. Leth (1826–1895)",19681,Christine Lange,1826,,Danmark,1,"surname+birth_year (auto, single candidate)",NOT individually human-verified -- candidate for review before use as an authority mapping
Reg0111350,"Scharling, Peter (1832–1922)",19682,Peter Scharling,1832,1922,,1,"surname+birth_year (auto, single candidate)",NOT individually human-verified -- candidate for review before use as an authority mapping
Reg0031630,"Ameen, Georg F. (1811–1898)",19690,Georg Frederik Ameen,1811,1898,Sverige,1,"surname+birth_year (auto, single candidate)",NOT individually human-verified -- candidate for review before use as an authority mapping
Reg0048580,"Collin, Elna (1842–1913)",19694,Mimi Collin,1842,1855,,1,"surname+birth_year (auto, single candidate)",NOT individually human-verified -- candidate for review before use as an authority mapping
Reg0053460,"Drewsen, Gerd (1873–1955)",19698,Gerd Drewsen,1873,1955,,1,"surname+birth_year (auto, single candidate)",NOT individually human-verified -- candidate for review before use as an authority mapping
Reg0039040,"Bjørnson, Caroline, f. Reimers (1835–1934)",19702,Karoline Bjørnson,1835,27-0,Norge,1,"surname+birth_year (auto, single candidate)",NOT individually human-verified -- candidate for review before use as an authority mapping
Reg0118560,"Stockhausen, Julius (1826–1906)",19705,Julius Stockhausen,1826,1906,Tyskland,1,"surname+birth_year (auto, single candidate)",NOT individually human-verified -- candidate for review before use as an authority mapping
Reg0082570,"Larsen, Eline Christine Barbara (1829–1914)",19710,Sine Eline Christine Barbara Larsen,1829,1914,,1,"surname+birth_year (auto, single candidate)",NOT individually human-verified -- candidate for review before use as an authority mapping
Reg0096100,"Nicander, Karl August (1799–1839)",19715,Karl August Nicander,1799,1839,Sverige,1,"surname+birth_year (auto, single candidate)",NOT individually human-verified -- candidate for review before use as an authority mapping
Reg0102830,"Price, Carl (1839–1909)",19719,Carl Nicolai Andreas Price,1839,1909,,1,"surname+birth_year (auto, single candidate)",NOT individually human-verified -- candidate for review before use as an authority mapping
Reg0061150,"Gede, Dagmar (1851–1882)",19728,Dagmar Gede,1851,1882,Danmark,1,"surname+birth_year (auto, single candidate)",NOT individually human-verified -- candidate for review before use as an authority mapping
Reg0063250,"Grimm, Jacob (1785–1863)",19735,Jacob Grimm,1785,1863,Tyskland,1,"surname+birth_year (auto, single candidate)",NOT individually human-verified -- candidate for review before use as an authority mapping
Reg0042360,"Bricka, Frederik Vilhelm Theodor (1809–1879)",19737,Frederik Vilhelm Theodor Bricka,1809,1879,Danmark,1,"surname+birth_year (auto, single candidate)",NOT individually human-verified -- candidate for review before use as an authority mapping
Reg0090840,"Meldahl, Anna (1863–1951)",19739,Anna Meldahl,1863,1951,Danmark,1,"surname+birth_year (auto, single candidate)",NOT individually human-verified -- candidate for review before use as an authority mapping
Reg0088340,"Magnus, J. C. (1812–1879)",19744,J. C. Magnus,1812,1879,Danmark,1,"surname+birth_year (auto, single candidate)",NOT individually human-verified -- candidate for review before use as an authority mapping
Reg0121330,"Testman, Peter Olavius (1806–1890)",19750,Peter Olavius Testman,1806,1890,Norge,1,"surname+birth_year (auto, single candidate)",NOT individually human-verified -- candidate for review before use as an authority mapping
Reg0065440,"Hamilton, Eva, Grevinde (1818–1853)",19752,Eva Hamilton,1818,1853,Sverige,1,"surname+birth_year (auto, single candidate)",NOT individually human-verified -- candidate for review before use as an authority mapping
Reg0111840,"Scherr, Johannes (1817–1886)",19757,Johannes Scherr,1817,1886,Tyskland,1,"surname+birth_year (auto, single candidate)",NOT individually human-verified -- candidate for review before use as an authority mapping
Reg0130640,"Wulff, Marie Henriette (1847–1927)",19762,Marie Henriette Wulff,1847,1927,,1,"surname+birth_year (auto, single candidate)",NOT individually human-verified -- candidate for review before use as an authority mapping
Reg0113990,"Schumacher, Carl Theodor (1799–1868)",19771,Carl Theodor Schumacher,1799,1863,Danmark,1,"surname+birth_year (auto, single candidate)",NOT individually human-verified -- candidate for review before use as an authority mapping
Reg0052030,"Delbanco, Georg Christian (1848–1911)",19774,Georg Delbanco,1848,1911,Danmark,1,"surname+birth_year (auto, single candidate)",NOT individually human-verified -- candidate for review before use as an authority mapping
Reg0109940,"Salomon, Hanne (1811–1859)",19776,Hanne Salomon,1811,1859,Danmark,1,"surname+birth_year (auto, single candidate)",NOT individually human-verified -- candidate for review before use as an authority mapping
Reg0058960,"Fredstrup, Petrine (1827–1881)",19777,Petrine Fredstrup,1827,1881,Danmark,1,"surname+birth_year (auto, single candidate)",NOT individually human-verified -- candidate for review before use as an authority mapping
Reg0083170,"Lehmann, Caroline (1825–1879)",19779,Caroline Lehmann,1825,1879,Danmark,1,"surname+birth_year (auto, single candidate)",NOT individually human-verified -- candidate for review before use as an authority mapping
Reg0118440,"Stigaard, Lauritz (1829–1889)",19780,Lauritz Stigaard,1829,1889,Danmark,1,"surname+birth_year (auto, single candidate)",NOT individually human-verified -- candidate for review before use as an authority mapping
Reg0032370,"Anholm, Marie (1845–1914)",19787,Marie Anholm,1845,1914,Danmark,1,"surname+birth_year (auto, single candidate)",NOT individually human-verified -- candidate for review before use as an authority mapping
Reg0119170,"Studsgaard, C. L. (1830–1899)",19788,C. Studsgaard,1830,1899,,1,"surname+birth_year (auto, single candidate)",NOT individually human-verified -- candidate for review before use as an authority mapping
Reg0091730,"Michelsen, Anton (1809–1877)",19798,Anton Michelsen,1809,1877,Danmark,1,"surname+birth_year (auto, single candidate)",NOT individually human-verified -- candidate for review before use as an authority mapping
Reg0098710,"Paap, Frederikke Wilhelmine Lovise (1813–1852)",19799,Frederikke Paap,1813,1852,Danmark,1,"surname+birth_year (auto, single candidate)",NOT individually human-verified -- candidate for review before use as an authority mapping
Reg0032470,"Anker, Nils (1799–1862)",19801,Nils Anker,1799,1862,Sverige,1,"surname+birth_year (auto, single candidate)",NOT individually human-verified -- candidate for review before use as an authority mapping
Reg0041650,"Brandt, Andreas Heggelund (1846–1913)",19806,Andreas Hegelund Brandt,1846,1913,Holland,1,"surname+birth_year (auto, single candidate)",NOT individually human-verified -- candidate for review before use as an authority mapping
Reg0130000,"Woldsen, J. N. (1794–1872)",19809,J.N. Woldsen,1794,1872,Danmark,1,"surname+birth_year (auto, single candidate)",NOT individually human-verified -- candidate for review before use as an authority mapping
Reg0119500,"Suringar, Willem Hendrik (1790–1872)",19817,W. Suringar,1790,1872,Holland,1,"surname+birth_year (auto, single candidate)",NOT individually human-verified -- candidate for review before use as an authority mapping
Reg0128920,"Wiehe, Michael (1820–1864)",19819,Michael Wiehe,1820,1864,,1,"surname+birth_year (auto, single candidate)",NOT individually human-verified -- candidate for review before use as an authority mapping
Reg0078230,"Kiellerup, Theodor (1818–1850)",19825,Theodor Julius Kiellerup,1818,1850,Danmark,1,"surname+birth_year (auto, single candidate)",NOT individually human-verified -- candidate for review before use as an authority mapping
Reg0103160,"Puggaard, G. (1823–1864)",19828,Christopher Puggaard,1823,1864,Danmark,1,"surname+birth_year (auto, single candidate)",NOT individually human-verified -- candidate for review before use as an authority mapping
Reg0091400,"Meyer, Henriette (1851–1939)",19842,Henriette Meyer,1851,1939,Danmark,1,"surname+birth_year (auto, single candidate)",NOT individually human-verified -- candidate for review before use as an authority mapping
Reg0081860,"Lagerheim, Elias, Friherre (1791–1864)",19853,Elias Lagerheim,1791,1864,,1,"surname+birth_year (auto, single candidate)",NOT individually human-verified -- candidate for review before use as an authority mapping
Reg0075400,"Jastrau, Richard (1828–1902)",19863,Richard Jastrau,1828,1902,Danmark,1,"surname+birth_year (auto, single candidate)",NOT individually human-verified -- candidate for review before use as an authority mapping
Reg0061260,"Geibel, Leonore, f. Weiss (1820–1914)",19874,Leonore Geibel,1820,1914,Tyskland,1,"surname+birth_year (auto, single candidate)",NOT individually human-verified -- candidate for review before use as an authority mapping
Reg0089890,"Matthison-Hansen, Hans (1807–1890)",19875,Hans Matthison-Hansen,1807,1890,,1,"surname+birth_year (auto, single candidate)",NOT individually human-verified -- candidate for review before use as an authority mapping
Reg0075040,"Jacobsen, Andreas (1801–1870)",19879,Andreas Jacobsen,1801,1870,Tyskland,1,"surname+birth_year (auto, single candidate)",NOT individually human-verified -- candidate for review before use as an authority mapping
Reg0102380,"Poulsen, Emil (1842–1911)",19883,Emil Poulsen,1842,1911,Danmark,1,"surname+birth_year (auto, single candidate)",NOT individually human-verified -- candidate for review before use as an authority mapping
Reg0091340,"Meyer, Edvard (1813–1880)",19893,Edvard Meyer,1813,1880,Danmark,1,"surname+birth_year (auto, single candidate)",NOT individually human-verified -- candidate for review before use as an authority mapping
Reg0126190,"Waage, Olafur (1834–1909)",19895,Ólafur Waage,1834,1909,Danmark,1,"surname+birth_year (auto, single candidate)",NOT individually human-verified -- candidate for review before use as an authority mapping
Reg0122670,"Tillisch, Georg Flemming (1807–1872)",19896,Georg Flemming Tillisch,1807,1872,Danmark,1,"surname+birth_year (auto, single candidate)",NOT individually human-verified -- candidate for review before use as an authority mapping
Reg0107330,"Rosenkrantz, Gunde, Baron (1865–1891)",19756,Gunde Rosenkrantz,1865,1891,,1,"surname+birth_year (auto, single candidate)",NOT individually human-verified -- candidate for review before use as an authority mapping
Reg0073510,"Hultmann, Fritz (1820–1894)",19898,Fritz Hultmann,1820,1894,,1,"surname+birth_year (auto, single candidate)",NOT individually human-verified -- candidate for review before use as an authority mapping
Reg0129080,"Wilde, Alexander (1815–1896)",19908,Alexander Wilde,1815,1896,Danmark,1,"surname+birth_year (auto, single candidate)",NOT individually human-verified -- candidate for review before use as an authority mapping
Reg0120280,"Széchenyi, Francisca de Paola, Grevinde, f. Grevinde Wurmbrand (1797–1873)",19916,Francisca de Paola Széchenyi,1797,1873,,1,"surname+birth_year (auto, single candidate)",NOT individually human-verified -- candidate for review before use as an authority mapping
Reg0100580,"Petit, Charles (1811–1885)",19919,Charles Petit,1811,1885,Danmark,1,"surname+birth_year (auto, single candidate)",NOT individually human-verified -- candidate for review before use as an authority mapping
Reg0093080,"Moltke-Hvitfeldt, Léon, Greve (1829–1896)",19918,Léon Moltke-Hvitfeldt,1829,1896,Danmark,1,"surname+birth_year (auto, single candidate)",NOT individually human-verified -- candidate for review before use as an authority mapping
Reg0089910,"Mau, Gerhard Wilhelm (1774–1858)",19923,Gerhard Vilhelm Mau,1774,1858,Danmark,1,"surname+birth_year (auto, single candidate)",NOT individually human-verified -- candidate for review before use as an authority mapping
Reg0131510,"Zinn, Johann Friederich (1779–1838)",19929,Johan Friederich Zinn,1779,1838,Danmark,1,"surname+birth_year (auto, single candidate)",NOT individually human-verified -- candidate for review before use as an authority mapping
Reg0065910,"Hansen, Adolf (1850–1908)",19931,Anna Hansen,1850,,,1,"surname+birth_year (auto, single candidate)",NOT individually human-verified -- candidate for review before use as an authority mapping
Reg0048340,"Cold, Frederikke (1787–1860)",19932,Frederikke Cold,1787,1860,Danmark,1,"surname+birth_year (auto, single candidate)",NOT individually human-verified -- candidate for review before use as an authority mapping
Reg0088960,"Marcus, L. N. (1814–1879)",19936,L.N. Marcus,1814,1879,,1,"surname+birth_year (auto, single candidate)",NOT individually human-verified -- candidate for review before use as an authority mapping
Reg0086230,"Lumbye, H. C. (1810–1874)",19937,Hans Christian Lumbye,1810,1874,,1,"surname+birth_year (auto, single candidate)",NOT individually human-verified -- candidate for review before use as an authority mapping
Reg0065430,"Hamilton, Anna, Grevinde (1848–1913)",20125,Anna Hamilton,1848,1913,Sverige,1,"surname+birth_year (auto, single candidate)",NOT individually human-verified -- candidate for review before use as an authority mapping
Reg0117860,"Steenbuch, Marie (1870–1874)",19943,Marie Steenbuch,1870,1874,Danmark,1,"surname+birth_year (auto, single candidate)",NOT individually human-verified -- candidate for review before use as an authority mapping
Reg0090430,"Melchior, Augusta (1859–1918)",19944,Augusta Melchior,1859,1918,Danmark,1,"surname+birth_year (auto, single candidate)",NOT individually human-verified -- candidate for review before use as an authority mapping
Reg0131840,"Øllgaard, Ferdinand (1842–1919)",20014,Ferdinand Øllgaard,1842,1919,Danmark,1,"surname+birth_year (auto, single candidate)",NOT individually human-verified -- candidate for review before use as an authority mapping
Reg0111290,"Scharling, E. A. (1807–1866)",20002,E.A. Scharling,1807,1866,Danmark,1,"surname+birth_year (auto, single candidate)",NOT individually human-verified -- candidate for review before use as an authority mapping
Reg0131980,"Ørsted, Nicolai (1829–1900)",20017,Nicolai Ørsted,1829,1900,Danmark,1,"surname+birth_year (auto, single candidate)",NOT individually human-verified -- candidate for review before use as an authority mapping
Reg0099070,"Paludan-Müller, Benedicte (1843–1916)",20024,Benedicte Paludan-Müller,1843,1916,Danmark,1,"surname+birth_year (auto, single candidate)",NOT individually human-verified -- candidate for review before use as an authority mapping
Reg0111320,"Scharling, Henrik (1836–1920)",20027,Henrik Scharling,1836,1920,Danmark,1,"surname+birth_year (auto, single candidate)",NOT individually human-verified -- candidate for review before use as an authority mapping
Reg0129510,"Winding, August (1835–1899)",19971,August Winding,1835,1899,Danmark,1,"surname+birth_year (auto, single candidate)",NOT individually human-verified -- candidate for review before use as an authority mapping
Reg0107640,"Rossini, Giacomo (1792–1868)",20030,Gioachino Antonio Rossini,1792,1868,Italien,1,"surname+birth_year (auto, single candidate)",NOT individually human-verified -- candidate for review before use as an authority mapping
Reg0040740,"Bosboom, Johannes (1817–1891)",19807,Johannes Bosboom,1817,1891,Holland,1,"surname+birth_year (auto, single candidate)",NOT individually human-verified -- candidate for review before use as an authority mapping
Reg0062690,"Gounod, Charles (1818–1893)",20032,Charles Gounod,1818,1893,Frankrig,1,"surname+birth_year (auto, single candidate)",NOT individually human-verified -- candidate for review before use as an authority mapping
Reg0052970,"Donizetti, Gaetano (1797–1848)",20033,Geatano Donizetti,1797,1848,Italien,1,"surname+birth_year (auto, single candidate)",NOT individually human-verified -- candidate for review before use as an authority mapping
Reg0097480,"Offenbach, Jacques (1819–1880)",20034,Jacques [egtl. Jacob Eberst] Offenbach,1819,1880,,1,"surname+birth_year (auto, single candidate)",NOT individually human-verified -- candidate for review before use as an authority mapping
Reg0115680,"Simpson, John Palgrave (1807–1887)",20035,John Palgrave Simpson,1807,1887,England,1,"surname+birth_year (auto, single candidate)",NOT individually human-verified -- candidate for review before use as an authority mapping
Reg0075630,"Jensen, J. L. (1800–1856)",20040,Johan Laurentz Jensen,1800,1856,Danmark,1,"surname+birth_year (auto, single candidate)",NOT individually human-verified -- candidate for review before use as an authority mapping
Reg0074700,"Ioannou, Filippos (1796–1880)",20042,Filippos Ioannou,1796,1880,Grækenland,1,"surname+birth_year (auto, single candidate)",NOT individually human-verified -- candidate for review before use as an authority mapping
Reg0034220,"Balzac, Honoré de (1799–1850)",20045,Honoré de Balzac,1799,1850,Frankrig,1,"surname+birth_year (auto, single candidate)",NOT individually human-verified -- candidate for review before use as an authority mapping
Reg0089460,"Marstrand, Wilhelm (1810–1873)",20047,Vilhelm Marstrand,1810,1873,Danmark,1,"surname+birth_year (auto, single candidate)",NOT individually human-verified -- candidate for review before use as an authority mapping
Reg0119250,"Sturzen-Becker, Oskar Patrick (1811–1869)",20049,Oscar Patrick Sturzen-Becker,1811,1869,Sverige,1,"surname+birth_year (auto, single candidate)",NOT individually human-verified -- candidate for review before use as an authority mapping
Reg0118350,"Stieler, Joseph (1781–1858)",20052,Joseph Stieler,1781,1858,Tyskland,1,"surname+birth_year (auto, single candidate)",NOT individually human-verified -- candidate for review before use as an authority mapping
Reg0105040,"Reinick, Robert (1805–1852)",20053,Robert Reinick,1805,1852,Tyskland,1,"surname+birth_year (auto, single candidate)",NOT individually human-verified -- candidate for review before use as an authority mapping
Reg0035500,"Beaulieu-Marconnay, Ernst von, Friherre (1819–1855)",20055,Ernst von Beaulieu-Marconnay,1819,1855,Tyskland,1,"surname+birth_year (auto, single candidate)",NOT individually human-verified -- candidate for review before use as an authority mapping
Reg0071300,"Holbein, Franz, Edler von (1779–1855)",20057,Franz von Holbein,1779,1855,Østrig,1,"surname+birth_year (auto, single candidate)",NOT individually human-verified -- candidate for review before use as an authority mapping
Reg0077720,"Karup, W. I. (1829–1870)",20065,W. I. Karup,1829,1870,Danmark,1,"surname+birth_year (auto, single candidate)",NOT individually human-verified -- candidate for review before use as an authority mapping
Reg0116480,"Sommer, Louise (1833–1912)",20072,Louise Sommer,1833,1912,Danmark,1,"surname+birth_year (auto, single candidate)",NOT individually human-verified -- candidate for review before use as an authority mapping
Reg0114740,"Seemann, Corfitz (1800–1875)",20075,Corfitz Seemann,1800,1875,Danmark,1,"surname+birth_year (auto, single candidate)",NOT individually human-verified -- candidate for review before use as an authority mapping
Reg0117390,"Stage, Gottlob (1791–1845)",20077,Johan Adolph Gottlob Stage,1791,1845,Danmark,1,"surname+birth_year (auto, single candidate)",NOT individually human-verified -- candidate for review before use as an authority mapping
Reg0064800,"Haffner, Wolfgang (1810–1887)",20079,Wentzel Haffner,1810,1835,Danmark,1,"surname+birth_year (auto, single candidate)",NOT individually human-verified -- candidate for review before use as an authority mapping
Reg0056540,"Falbe, Christian Tuxen (1791–1849)",20081,Christian Tuxen Falbe,1791,1849,Danmark,1,"surname+birth_year (auto, single candidate)",NOT individually human-verified -- candidate for review before use as an authority mapping
Reg0066900,"Hardenberg, Carl von, Greve (1827–1873)",20086,Karl Hildebrand Christian von Hardenberg,1827,1873,Tyskland,1,"surname+birth_year (auto, single candidate)",NOT individually human-verified -- candidate for review before use as an authority mapping
Reg0060410,"Gade, Felix (1855–1928)",20087,Felix Gade,1855,1928,,1,"surname+birth_year (auto, single candidate)",NOT individually human-verified -- candidate for review before use as an authority mapping
Reg0060410,"Gade, Felix (1855–1928)",20088,Emma Gade,1855,,Danmark,1,"surname+birth_year (auto, single candidate)",NOT individually human-verified -- candidate for review before use as an authority mapping
Reg0073890,"Hvidt, Ed. J. (1806–1882)",20091,Edvard Hvidt,1806,1882,Danmark,1,"surname+birth_year (auto, single candidate)",NOT individually human-verified -- candidate for review before use as an authority mapping
Reg0095140,"Møller, Poul (1794–1838)",20092,Poul Martin Møller,1794,1838,Danmark,1,"surname+birth_year (auto, single candidate)",NOT individually human-verified -- candidate for review before use as an authority mapping
Reg0074390,"Høyen, Edele Birgitte, f. Westengaard (1799–1883)",20098,"Edele Birgitte, f. Westengaard Høyen",1799,1883,Danmark,1,"surname+birth_year (auto, single candidate)",NOT individually human-verified -- candidate for review before use as an authority mapping
Reg0074400,"Høyen, N. L. (1798–1870)",20097,Niels Lauritz Høyen,1798,1870,Danmark,1,"surname+birth_year (auto, single candidate)",NOT individually human-verified -- candidate for review before use as an authority mapping
Reg0123450,"Trepka, Christian (1779–1864)",20099,Christian Trepka,1779,1864,Danmark,1,"surname+birth_year (auto, single candidate)",NOT individually human-verified -- candidate for review before use as an authority mapping
Reg0120160,"Swane, Magdalena, f. Bruun (1827–1909)",20100,"Magdalene Sørena, f. Bruun Swane",1827,1909,,1,"surname+birth_year (auto, single candidate)",NOT individually human-verified -- candidate for review before use as an authority mapping
Reg0081220,"Kuhlau, Fr. (1786–1832)",20101,Fr. Kuhlau,1786,1832,Danmark,1,"surname+birth_year (auto, single candidate)",NOT individually human-verified -- candidate for review before use as an authority mapping
Reg0096320,"Nielsen, Chr. Vilh. (1808–1878)",20107,Chr. Vilhelm Nielsen,1808,1878,Danmark,1,"surname+birth_year (auto, single candidate)",NOT individually human-verified -- candidate for review before use as an authority mapping
Reg0052550,"Dietrichson, L. (1834–1917)",20109,Lorentz Dietrichson,1834,03-0,Norge,1,"surname+birth_year (auto, single candidate)",NOT individually human-verified -- candidate for review before use as an authority mapping
Reg0061290,"Geijer, Erik Gustaf (1783–1847)",20114,Erik Gustaf Geijer,1783,1843,Sverige,1,"surname+birth_year (auto, single candidate)",NOT individually human-verified -- candidate for review before use as an authority mapping
Reg0113640,"Schröder, Johan Henrik (1791–1857)",20113,Johan Henrik Schröder,1791,1857,Sverige,1,"surname+birth_year (auto, single candidate)",NOT individually human-verified -- candidate for review before use as an authority mapping
Reg0037670,"Berzelius, Jakob, Friherre (1779–1848)",20112,Jöns Jacob Berzelius,1779,1848,Sverige,1,"surname+birth_year (auto, single candidate)",NOT individually human-verified -- candidate for review before use as an authority mapping
Reg0056500,"Fahlcrantz, Christian Erich (1790–1866)",20115,Christian Erich Fahlcrantz,1790,1866,Sverige,1,"surname+birth_year (auto, single candidate)",NOT individually human-verified -- candidate for review before use as an authority mapping
Reg0058760,"Franzén, Frans Mikael (1772–1847)",20121,Frans Mikael Franzén,1772,1847,Sverige,1,"surname+birth_year (auto, single candidate)",NOT individually human-verified -- candidate for review before use as an authority mapping
Reg0077480,"Kahl, Achatius (1794–1888)",20122,Achatius Kahl,1794,1888,Sverige,1,"surname+birth_year (auto, single candidate)",NOT individually human-verified -- candidate for review before use as an authority mapping
Reg0033760,"Bagge, C. A. (1811–1852)",20123,C. A. Bagge,1811,1852,Sverige,1,"surname+birth_year (auto, single candidate)",NOT individually human-verified -- candidate for review before use as an authority mapping
Reg0124180,"Tønsberg, Niels Chr. (1813–1897)",20124,Niels Chr. Tønsberg,1813,1897,Norge,1,"surname+birth_year (auto, single candidate)",NOT individually human-verified -- candidate for review before use as an authority mapping
Reg0101060,"Phister, Louise, f. Petersen (1816–1914)",20128,Louise Phister,1816,1914,Danmark,1,"surname+birth_year (auto, single candidate)",NOT individually human-verified -- candidate for review before use as an authority mapping
Reg0071870,"Holmes, Henry (1839–1905)",20131,Henry Holmes,1839,1905,England,1,"surname+birth_year (auto, single candidate)",NOT individually human-verified -- candidate for review before use as an authority mapping
Reg0098730,"Paar, Wenzel, Greve (1810–1890)",20135,Wenzel Paar,1810,1890,Østrig,1,"surname+birth_year (auto, single candidate)",NOT individually human-verified -- candidate for review before use as an authority mapping
Reg0108530,"Rübner, Johann Wilhelm (1827–1893)",20136,Johann Wilhelm Rübner,1827,1893,Østrig,1,"surname+birth_year (auto, single candidate)",NOT individually human-verified -- candidate for review before use as an authority mapping
Reg0095250,"Mørch, O. A. L. (1828–1878)",20150,Otto Andreas Lowson Mørch,1828,1878,Danmark,1,"surname+birth_year (auto, single candidate)",NOT individually human-verified -- candidate for review before use as an authority mapping
Reg0068460,"Heiberg, Peter Wilken (1840–1920)",20149,Peter Wilken Heiberg,1840,1920,Danmark,1,"surname+birth_year (auto, single candidate)",NOT individually human-verified -- candidate for review before use as an authority mapping
Reg0110660,"Savigny, Friedrich Karl von (1779–1861)",20158,Friedrich Karl von Savigny,1779,1861,Tyskland,1,"surname+birth_year (auto, single candidate)",NOT individually human-verified -- candidate for review before use as an authority mapping
Reg0032910,"Arnesen, A. L. (1808–1860)",20160,Anton Ludvig Arnesen,1808,1860,Danmark,1,"surname+birth_year (auto, single candidate)",NOT individually human-verified -- candidate for review before use as an authority mapping
Reg0077560,"Kalkar, Chr. H. (1802–1886)",20163,Christian Andreas Herman Kalkar,1802,1886,Danmark,1,"surname+birth_year (auto, single candidate)",NOT individually human-verified -- candidate for review before use as an authority mapping
Reg0106030,"Riemer, Friedrich Wilhelm (1774–1845)",20164,Friedrich Wilhelm Riemer,1774,1845,Tyskland,1,"surname+birth_year (auto, single candidate)",NOT individually human-verified -- candidate for review before use as an authority mapping
Reg0122080,"Thorsen, P. G. (1811–1883)",20168,Peder Goth Thorsen,1811,1883,,1,"surname+birth_year (auto, single candidate)",NOT individually human-verified -- candidate for review before use as an authority mapping
Reg0037810,"Beust, Friedrich von, Greve (1813–1889)",20170,Friedrich von Beust,1813,1889,Tyskland,1,"surname+birth_year (auto, single candidate)",NOT individually human-verified -- candidate for review before use as an authority mapping
Reg0079360,"Knuth, Johannes Sigismund, Greve (1823–1885)",20172,Johannes Sigismund Knuth,1823,1885,Danmark,1,"surname+birth_year (auto, single candidate)",NOT individually human-verified -- candidate for review before use as an authority mapping
Reg0096290,"Nielsen, Augusta (1822–1902)",20177,Augusta Nielsen,1822,1902,Danmark,1,"surname+birth_year (auto, single candidate)",NOT individually human-verified -- candidate for review before use as an authority mapping
Reg0061800,"Girard, Jules-Frédéric Othenin- (1807–1883)",20178,Jules-Frédèric Othenin- Girard,1807,1883,Frankrig,1,"surname+birth_year (auto, single candidate)",NOT individually human-verified -- candidate for review before use as an authority mapping
Reg0113600,"Schram, Peter (1819–1895)",20180,Peter Schram,1819,1895,Danmark,1,"surname+birth_year (auto, single candidate)",NOT individually human-verified -- candidate for review before use as an authority mapping
Reg0071010,"Hoeven, Jan van der (1801–1868)",20181,Jan van der Hoeven,1801,1868,Holland,1,"surname+birth_year (auto, single candidate)",NOT individually human-verified -- candidate for review before use as an authority mapping
Reg0033050,"Artot, Désirée (1835–1907)",20182,Désiré Artôt,1835,1907,Frankrig,1,"surname+birth_year (auto, single candidate)",NOT individually human-verified -- candidate for review before use as an authority mapping
Reg0096650,"Nilsson, Christina (1843–1921)",20183,Christina Nilsson,1843,1921,Sverige,1,"surname+birth_year (auto, single candidate)",NOT individually human-verified -- candidate for review before use as an authority mapping
Reg0095920,"Neruda, Franz (1843–1915)",20185,Franz Neruda,1843,1915,Tjekkiet,1,"surname+birth_year (auto, single candidate)",NOT individually human-verified -- candidate for review before use as an authority mapping
Reg0118840,"Story, Waldo (1855–1915)",20187,Waldo Story,1855,1915,,1,"surname+birth_year (auto, single candidate)",NOT individually human-verified -- candidate for review before use as an authority mapping
Reg0118830,"Story, Julian (1857–1919)",20188,Julian Russell Story,1857,1919,,1,"surname+birth_year (auto, single candidate)",NOT individually human-verified -- candidate for review before use as an authority mapping
Reg0035590,"Beauvois, Eugène (1835–1912)",20191,Eugène Beauvois,1835,1912,Frankrig,1,"surname+birth_year (auto, single candidate)",NOT individually human-verified -- candidate for review before use as an authority mapping
Reg0030380,"Achenbach, Andreas (1815–1910)",20192,Andreas Achenbach,1815,1910,Tyskland,1,"surname+birth_year (auto, single candidate)",NOT individually human-verified -- candidate for review before use as an authority mapping
Reg0107780,"Rothe, Valdemar (1777–1857)",20194,Valdemar Rothe,1777,1857,Danmark,1,"surname+birth_year (auto, single candidate)",NOT individually human-verified -- candidate for review before use as an authority mapping
Reg0118940,"Strandberg, Olof (1816–1882)",20198,Oluf (Olle) Strandberg,1816,1882,Sverige,1,"surname+birth_year (auto, single candidate)",NOT individually human-verified -- candidate for review before use as an authority mapping
Reg0048670,"Collin, Hjalmar (1834–1897)",20207,Hjalmar Collin,1834,1897,Danmark,1,"surname+birth_year (auto, single candidate)",NOT individually human-verified -- candidate for review before use as an authority mapping
Reg0032160,"Andresen, Valdemar (1838–1918)",20216,Valdemar Andresen,1838,1918,Danmark,1,"surname+birth_year (auto, single candidate)",NOT individually human-verified -- candidate for review before use as an authority mapping
Reg0108250,"Runeberg, Johan Ludvig (1804–1877)",20218,Johan Ludvig Runeberg,1804,1877,,1,"surname+birth_year (auto, single candidate)",NOT individually human-verified -- candidate for review before use as an authority mapping
Reg0094530,"Münch-Bellinghausen, Eligius Franz Joseph von, Friherre (1806–1871)",20226,Eligius Franz Joseph von Münch-Bellinghausen,1806,1871,Østrig,1,"surname+birth_year (auto, single candidate)",NOT individually human-verified -- candidate for review before use as an authority mapping
Reg0102950,"Printzlau, Ferdinand (1794–1865)",20230,Ferdinand Printzlau,1794,1865,Danmark,1,"surname+birth_year (auto, single candidate)",NOT individually human-verified -- candidate for review before use as an authority mapping
Reg0131650,"Zytphen, Lovise von (1818–1903)",20238,Lovise von Zytphen,1818,1903,Danmark,1,"surname+birth_year (auto, single candidate)",NOT individually human-verified -- candidate for review before use as an authority mapping
Reg0131630,"Zytphen, Johan Frederik Ferdinand von (1821–1861)",20239,Johan Frederik Ferdinand von Zytphen,1821,1861,Danmark,1,"surname+birth_year (auto, single candidate)",NOT individually human-verified -- candidate for review before use as an authority mapping
Reg0104940,"Reimers, Diderik Martin (1845–1902)",19999,Diderik Martin Reimers,1845,1902,Danmark,1,"surname+birth_year (auto, single candidate)",NOT individually human-verified -- candidate for review before use as an authority mapping
Reg0102780,"Price, Adolph (1805–1890)",20248,Adolph Price,1805,1890,Danmark,1,"surname+birth_year (auto, single candidate)",NOT individually human-verified -- candidate for review before use as an authority mapping
Reg0094570,"Mynster, C.L.N. (1820–1883)",20255,C.L.N. Mynster,1820,1883,Danmark,1,"surname+birth_year (auto, single candidate)",NOT individually human-verified -- candidate for review before use as an authority mapping
Reg0057020,"Feddersen, Fr. (1805–1863)",20257,Frederik Feddersen,1805,1863,Danmark,1,"surname+birth_year (auto, single candidate)",NOT individually human-verified -- candidate for review before use as an authority mapping
Reg0130470,"Wroblewski, Otto B. (1827–1907)",20268,Otto B. Wroblewski,1827,11-0,Danmark,1,"surname+birth_year (auto, single candidate)",NOT individually human-verified -- candidate for review before use as an authority mapping
Reg0062850,"Grandjean, G. F. (1811–1877)",20273,C.F. Grandjean,1811,1877,Danmark,1,"surname+birth_year (auto, single candidate)",NOT individually human-verified -- candidate for review before use as an authority mapping
Reg0082580,"Larsen, Florian (1838–1916)",20276,Florian Larsen,1838,1916,Danmark,1,"surname+birth_year (auto, single candidate)",NOT individually human-verified -- candidate for review before use as an authority mapping
Reg0075060,"Jacobsen, Carl (1842–1914)",20278,Carl Jacobsen,1842,1914,Danmark,1,"surname+birth_year (auto, single candidate)",NOT individually human-verified -- candidate for review before use as an authority mapping
Reg0117580,"Stampe, Elise, Baronesse (1824–1883)",20282,Elise Stampe,1824,1883,Danmark,1,"surname+birth_year (auto, single candidate)",NOT individually human-verified -- candidate for review before use as an authority mapping
Reg0046870,"Cazalis, William (1803–1878)",20285,Gustave Cazalis,1803,1878,Frankrig,1,"surname+birth_year (auto, single candidate)",NOT individually human-verified -- candidate for review before use as an authority mapping
Reg0041290,"Braam, Machtelina Christina van (1833–1880)",20287,Machtelina Christina van Braam,1833,1880,Holland,1,"surname+birth_year (auto, single candidate)",NOT individually human-verified -- candidate for review before use as an authority mapping
Reg0034280,"Bang, Andreas Kreutzfeldt (1805–1897)",20294,Andreas Kreutzfeldt Bang,1805,1897,Danmark,1,"surname+birth_year (auto, single candidate)",NOT individually human-verified -- candidate for review before use as an authority mapping
Reg0060350,"Gad, G. E. G. (1830–1906)",20295,G.E.C. Gad,1830,1906,Danmark,1,"surname+birth_year (auto, single candidate)",NOT individually human-verified -- candidate for review before use as an authority mapping
Reg0096950,"Norum, Poul Magnus (1812–1884)",20301,Poul Magnus Norum,1812,1884,,1,"surname+birth_year (auto, single candidate)",NOT individually human-verified -- candidate for review before use as an authority mapping
Reg0104640,"Redon, Erneste (1835–1907)",20303,Erneste Redon,1835,1907,Frankrig,1,"surname+birth_year (auto, single candidate)",NOT individually human-verified -- candidate for review before use as an authority mapping
Reg0131580,"Zobel de Zangroniz, Jacobo (1842–1896)",20306,Jacobo Zobel de Zangroniz,1842,1893,Spanien,1,"surname+birth_year (auto, single candidate)",NOT individually human-verified -- candidate for review before use as an authority mapping
Reg0121630,"Thiele, Just (1823–1876)",20312,Just Thiele,1823,1876,Danmark,1,"surname+birth_year (auto, single candidate)",NOT individually human-verified -- candidate for review before use as an authority mapping
Reg0096040,"Neupert, Edmund (1842–1888)",20314,Edmund Neupert,1842,1888,Norge,1,"surname+birth_year (auto, single candidate)",NOT individually human-verified -- candidate for review before use as an authority mapping
Reg0111910,"Schierbeck, Herman (1833–1912)",20391,Herman Schierbeck,1833,1912,Danmark,1,"surname+birth_year (auto, single candidate)",NOT individually human-verified -- candidate for review before use as an authority mapping
Reg0086990,"Lüttichau, Ida von, f. von Knobelsdorff (1798–1856)",20317,"Ida, f. von Knobelsdorff Lüttichau",1798,1856,Tyskland,1,"surname+birth_year (auto, single candidate)",NOT individually human-verified -- candidate for review before use as an authority mapping
Reg0126790,"Wanscher, Wilhelm (1802–1882)",20319,Wilhelm Wanscher,1802,1882,Danmark,1,"surname+birth_year (auto, single candidate)",NOT individually human-verified -- candidate for review before use as an authority mapping
Reg0128530,"Westermann, Paul Anton (1838–1909)",20320,Paul Anton Westermann,1838,1909,Tyskland,1,"surname+birth_year (auto, single candidate)",NOT individually human-verified -- candidate for review before use as an authority mapping
Reg0062790,"Grahl, A. (1791–1868)",20322,August Grahl,1791,1868,Tyskland,1,"surname+birth_year (auto, single candidate)",NOT individually human-verified -- candidate for review before use as an authority mapping
Reg0088470,"Malmström, August (1829–1901)",20531,August Malmström,1829,1901,Sverige,1,"surname+birth_year (auto, single candidate)",NOT individually human-verified -- candidate for review before use as an authority mapping
Reg0053480,"Drewsen, Harald (1836–1878)",20323,Harald Drewsen,1836,1878,Danmark,1,"surname+birth_year (auto, single candidate)",NOT individually human-verified -- candidate for review before use as an authority mapping
Reg0107010,"Rosen, Carl Pontus von, Greve (1811–1877)",20325,Cal Pontus von Rosen,1811,1877,Sverige,1,"surname+birth_year (auto, single candidate)",NOT individually human-verified -- candidate for review before use as an authority mapping
Reg0032940,"Arnim, Bettina von, f. Brentano (1785–1859)",20326,"Bettina von, f. Brentano Arnim",1785,1859,Tyskland,1,"surname+birth_year (auto, single candidate)",NOT individually human-verified -- candidate for review before use as an authority mapping
Reg0089330,"Marr, Heinrich (1797–1871)",20329,Heinrich Marr,1797,1871,Tyskland,1,"surname+birth_year (auto, single candidate)",NOT individually human-verified -- candidate for review before use as an authority mapping
Reg0089340,"Marr, Johann Wilhelm (1771–1837)",20330,Johann Wilhelm Marr,1771,1837,Tyskland,1,"surname+birth_year (auto, single candidate)",NOT individually human-verified -- candidate for review before use as an authority mapping
Reg0045470,"Campe, Friedrich (1777–1846)",20334,Friedrich Campe,1777,1846,Tyskland,1,"surname+birth_year (auto, single candidate)",NOT individually human-verified -- candidate for review before use as an authority mapping
Reg0113870,"Schultz, Henrich Wilhelm (1808–1855)",20336,Heinrich Wilhelm Schultz,1808,1855,Tyskland,1,"surname+birth_year (auto, single candidate)",NOT individually human-verified -- candidate for review before use as an authority mapping
Reg0061430,"Gerhardt, Eduard (1795–1867)",20335,Eduard Gerhardt,1795,1867,Tyskland,1,"surname+birth_year (auto, single candidate)",NOT individually human-verified -- candidate for review before use as an authority mapping
Reg0064620,"Götzloff, Karl Wilh. (1799–1866)",20337,Karl Wilhelm Götzloff,1799,1866,Tyskland,1,"surname+birth_year (auto, single candidate)",NOT individually human-verified -- candidate for review before use as an authority mapping
Reg0071990,"Holst, H. P. (1811–1893)",20345,"Elisabeth (Elise), f. Hegner Holst",1811,1891,Danmark,1,"surname+birth_year (auto, single candidate)",NOT individually human-verified -- candidate for review before use as an authority mapping
Reg0115020,"Serradifalco, Domenico Lo Faro Pietra, Hertug af – (1783–1863)",20346,Domenico Lo Faro Pietra Serradifalco,1783,1863,Italien,1,"surname+birth_year (auto, single candidate)",NOT individually human-verified -- candidate for review before use as an authority mapping
Reg0116060,"Smidth, Jens Frederik (1815–1890)",20349,Jens Frederik Smidth,1815,1890,Danmark,1,"surname+birth_year (auto, single candidate)",NOT individually human-verified -- candidate for review before use as an authority mapping
Reg0121080,"Taylor, Isidor-Séverin-Justin, Baron (1789–1879)",20352,Isidor-Séverin-Justin Taylor,1789,1879,Frankrig,1,"surname+birth_year (auto, single candidate)",NOT individually human-verified -- candidate for review before use as an authority mapping
Reg0080120,"Koss, J. von (1787–1858)",20351,J. von Koss,1787,1858,,1,"surname+birth_year (auto, single candidate)",NOT individually human-verified -- candidate for review before use as an authority mapping
Reg0062610,"Gotschalk, John Kierulf (1820–1889)",20357,John Kierulf Gotschalk,1820,1889,Danmark,1,"surname+birth_year (auto, single candidate)",NOT individually human-verified -- candidate for review before use as an authority mapping
Reg0118800,"Storch, F. L. (1805–1883)",20364,Frederik Ludwig Storch,1805,1883,Danmark,1,"surname+birth_year (auto, single candidate)",NOT individually human-verified -- candidate for review before use as an authority mapping
Reg0059480,"Frijs, Agnes Krag-Juel-Vind-, Komtesse (1852–1871)",20375,Agnes Krag-Juel-Vind- Frijs,1852,1871,Danmark,1,"surname+birth_year (auto, single candidate)",NOT individually human-verified -- candidate for review before use as an authority mapping
Reg0107730,"Rothe, Conrad (1811–1902)",20376,Conrad Rothe,1811,1902,Danmark,1,"surname+birth_year (auto, single candidate)",NOT individually human-verified -- candidate for review before use as an authority mapping
Reg0092830,"Moltke, Marie, Komtesse (1815–1890)",20377,Marie Moltke,1815,1890,Danmark,1,"surname+birth_year (auto, single candidate)",NOT individually human-verified -- candidate for review before use as an authority mapping
Reg0092950,"Moltke, Thekla, Komtesse (1811–1876)",20378,Thekla Moltke,1811,1876,Danmark,1,"surname+birth_year (auto, single candidate)",NOT individually human-verified -- candidate for review before use as an authority mapping
Reg0101070,"Phister, Ludvig (1807–1896)",20384,Ludvig Phister,1807,1896,Danmark,1,"surname+birth_year (auto, single candidate)",NOT individually human-verified -- candidate for review before use as an authority mapping
Reg0115670,"Simpson, James Young (1811–1870)",20388,James Young Simpson,1811,1870,Skotland,1,"surname+birth_year (auto, single candidate)",NOT individually human-verified -- candidate for review before use as an authority mapping
Reg0117220,"Späth, Wilhelm von (1818–1906)",20389,William Carl Christian von Späth,1818,1906,Danmark,1,"surname+birth_year (auto, single candidate)",NOT individually human-verified -- candidate for review before use as an authority mapping
Reg0068760,"Helfft, Julius (1818–1894)",20394,Julius Helfft,1818,1894,Tyskland,1,"surname+birth_year (auto, single candidate)",NOT individually human-verified -- candidate for review before use as an authority mapping
Reg0095820,"Neergaard, Viggo (1837–1915)",20396,Viggo Neergaard,1837,1915,Danmark,1,"surname+birth_year (auto, single candidate)",NOT individually human-verified -- candidate for review before use as an authority mapping
Reg0038960,"Björck, Ernst Daniel (1838–1868)",20397,Ernst Daniel Björck,1838,1868,Sverige,1,"surname+birth_year (auto, single candidate)",NOT individually human-verified -- candidate for review before use as an authority mapping
Reg0036910,"Berg, C. (1829–1891)",20400,C. Berg,1829,1891,,1,"surname+birth_year (auto, single candidate)",NOT individually human-verified -- candidate for review before use as an authority mapping
Reg0110780,"Saxtorph, Ernestine (1811–1892)",20402,Ernestine Saxtorph,1811,1892,Danmark,1,"surname+birth_year (auto, single candidate)",NOT individually human-verified -- candidate for review before use as an authority mapping
Reg0047540,"Christensen, Emmy Laura, f. Schiøtt (1835–1925)",20403,"Emmy Laura, f. Schiøtt Christensen",1835,1925,Danmark,1,"surname+birth_year (auto, single candidate)",NOT individually human-verified -- candidate for review before use as an authority mapping
Reg0077300,"Jørgensen, B. S. (1815–1888)",20405,B.S. Jørgensen,1815,1888,Danmark,1,"surname+birth_year (auto, single candidate)",NOT individually human-verified -- candidate for review before use as an authority mapping
Reg0092800,"Moltke, Maria, Grevinde, f. von Buchwald (1809–1895)",20406,"Maria, f.  von Buchwald Moltke",1809,1895,Danmark,1,"surname+birth_year (auto, single candidate)",NOT individually human-verified -- candidate for review before use as an authority mapping
Reg0117610,"Stampe, Holger, Baron (1822–1904)",20407,Holger Stampe,1822,1904,Danmark,1,"surname+birth_year (auto, single candidate)",NOT individually human-verified -- candidate for review before use as an authority mapping
Reg0058370,"Fournel, Victor (1829–1894)",20413,Victor Fournel,1829,1894,Frankrig,1,"surname+birth_year (auto, single candidate)",NOT individually human-verified -- candidate for review before use as an authority mapping
Reg0108570,"Rüdiger, Elise, f. Friherreinde von Hohenhausen (1812–1899)",20416,"Elise, f. von Hohenhausen Rüdiger",1812,1899,Tyskland,1,"surname+birth_year (auto, single candidate)",NOT individually human-verified -- candidate for review before use as an authority mapping
Reg0095350,"Møsting, Johan Sigismund (1759–1843)",20418,Johan Sigismund Møsting,1759,1843,Danmark,1,"surname+birth_year (auto, single candidate)",NOT individually human-verified -- candidate for review before use as an authority mapping
Reg0129710,"Winther, Georg (1844–1879)",19972,Georg Winther,1844,1879,Danmark,1,"surname+birth_year (auto, single candidate)",NOT individually human-verified -- candidate for review before use as an authority mapping
Reg0064900,"Hage, Vilhelmine, f. Faber (1810–1891)",20421,"Vilhelmine, f. Faber Hage",1810,1891,Danmark,1,"surname+birth_year (auto, single candidate)",NOT individually human-verified -- candidate for review before use as an authority mapping
Reg0033100,"Assen, Gornelis Jacobus van (1788–1859)",20423,Cornelius Jacobus van Assen,1788,1859,Holland,1,"surname+birth_year (auto, single candidate)",NOT individually human-verified -- candidate for review before use as an authority mapping
Reg0061170,"Geel, Jacob (1789–1862)",20422,Jacob Geel,1789,1862,Holland,1,"surname+birth_year (auto, single candidate)",NOT individually human-verified -- candidate for review before use as an authority mapping
Reg0046320,"Castenschiold, Frederikke (1831–1920)",20425,Frederikke Castenschiold,1831,1920,,1,"surname+birth_year (auto, single candidate)",NOT individually human-verified -- candidate for review before use as an authority mapping
Reg0038590,"Birch, F. C. C. (1812–1889)",20429,Vilhelm Ludvig Birch,1812,1829,Danmark,1,"surname+birth_year (auto, single candidate)",NOT individually human-verified -- candidate for review before use as an authority mapping
Reg0053010,"Donner, C. H. (1774–1854)",20430,C.H. Donner,1774,1854,Danmark,1,"surname+birth_year (auto, single candidate)",NOT individually human-verified -- candidate for review before use as an authority mapping
Reg0131050,"Zahrtmann, P. T. (1808–1878)",20431,P.T. Zahrtmann,1808,1878,Danmark,1,"surname+birth_year (auto, single candidate)",NOT individually human-verified -- candidate for review before use as an authority mapping
Reg0077910,"Kayser, G. J. H. (1811–1870)",20435,C.H.J. Kayser,1811,1870,Danmark,1,"surname+birth_year (auto, single candidate)",NOT individually human-verified -- candidate for review before use as an authority mapping
Reg0032770,"Arfwedson, Carl David (1806–1881)",20436,Carl David Arfwedson,1806,1881,Sverige,1,"surname+birth_year (auto, single candidate)",NOT individually human-verified -- candidate for review before use as an authority mapping
Reg0120750,"Tamm, Per Adolf, Friherre (1774–1856)",20439,Per Adolf Tamm,1774,1856,Sverige,1,"surname+birth_year (auto, single candidate)",NOT individually human-verified -- candidate for review before use as an authority mapping
Reg0084390,"Lewenhaupt, Charles Emil, Greve (1797–1871)",20442,Charles Emil Lewenhaupt,1797,1871,Sverige,1,"surname+birth_year (auto, single candidate)",NOT individually human-verified -- candidate for review before use as an authority mapping
Reg0082080,"Lange, H. W. (1815–1873)",20444,H.W. Lange,1815,1873,Danmark,1,"surname+birth_year (auto, single candidate)",NOT individually human-verified -- candidate for review before use as an authority mapping
Reg0074350,"Høst, Andreas Frederik (1811–1897)",20445,Andreas Frederik Høst,1811,1897,Danmark,1,"surname+birth_year (auto, single candidate)",NOT individually human-verified -- candidate for review before use as an authority mapping
Reg0107410,"Rosenkrantz, Marie, Baronesse (1810–1907)",20446,Marie Rosenkrantz,1810,1907,Danmark,1,"surname+birth_year (auto, single candidate)",NOT individually human-verified -- candidate for review before use as an authority mapping
Reg0042870,"Brockhaus, Heinrich (1804–1874)",20450,Heinrich Brockhaus,1804,1874,Tyskland,1,"surname+birth_year (auto, single candidate)",NOT individually human-verified -- candidate for review before use as an authority mapping
Reg0103090,"Puerari, Frédéric (1802–1869)",20455,Frédéric Puerari,1802,1869,Schweiz,1,"surname+birth_year (auto, single candidate)",NOT individually human-verified -- candidate for review before use as an authority mapping
Reg0099380,"Paulsen, Fritz (1780–1843)",20456,Fritz Paulsen,1780,1843,Danmark,1,"surname+birth_year (auto, single candidate)",NOT individually human-verified -- candidate for review before use as an authority mapping
Reg0056800,"Falsen, Jørgine Elisabeth de, f. Rosenkrantz (1799–1869)",20459,"Jørgine Elisabeth de, f. Rosenkrantz Falsen",1799,1869,Danmark,1,"surname+birth_year (auto, single candidate)",NOT individually human-verified -- candidate for review before use as an authority mapping
Reg0091520,"Meyer, Wilhelm (1824–1895)",20460,Wilhelm Meyer,1824,1895,Danmark,1,"surname+birth_year (auto, single candidate)",NOT individually human-verified -- candidate for review before use as an authority mapping
Reg0124390,"Uldall, Ludvig (1819–1867)",20462,Ludvig Uldall,1819,1867,Danmark,1,"surname+birth_year (auto, single candidate)",NOT individually human-verified -- candidate for review before use as an authority mapping
Reg0042930,"Brockhausen, Adolf von, Friherre (1801–1858)",20463,Adolf von Brockhausen,1801,1858,Tyskland,1,"surname+birth_year (auto, single candidate)",NOT individually human-verified -- candidate for review before use as an authority mapping
Reg0059640,"Frisch, Julius Theodor (1818–1895)",20465,Julius Theodor Frisch,1818,1895,Danmark,1,"surname+birth_year (auto, single candidate)",NOT individually human-verified -- candidate for review before use as an authority mapping
Reg0058000,"Flygare-Carlén, Emilie, f. Smith (1807–1892)",20468,"Emilie, f. Smith Flygare-Carlén",1807,1892,Sverige,1,"surname+birth_year (auto, single candidate)",NOT individually human-verified -- candidate for review before use as an authority mapping
Reg0102890,"Price, Rosa, f. Lewin (1809–1887)",20469,"Rosa, f. Lewin Price",1809,1887,Danmark,1,"surname+birth_year (auto, single candidate)",NOT individually human-verified -- candidate for review before use as an authority mapping
Reg0072570,"Holten, Nicolai (1815–1888)",20470,Nicolai Holten,1815,1888,Danmark,1,"surname+birth_year (auto, single candidate)",NOT individually human-verified -- candidate for review before use as an authority mapping
Reg0051390,"Daumas, Eugène (1803–1871)",20472,Eugène Daumas,1803,1871,Frankrig,1,"surname+birth_year (auto, single candidate)",NOT individually human-verified -- candidate for review before use as an authority mapping
Reg0118790,"Storch, Edvard (1787–1852)",20483,Eduard Thomas Storch,1787,1852,Danmark,1,"surname+birth_year (auto, single candidate)",NOT individually human-verified -- candidate for review before use as an authority mapping
Reg0065740,"Hanfstängl, Franz von (1804–1877)",20494,Franz von Hanfstängl,1804,1877,Tyskland,1,"surname+birth_year (auto, single candidate)",NOT individually human-verified -- candidate for review before use as an authority mapping
Reg0110860,"Scavenius, Anna (1842–1900)",20497,Anna Scavenius,1842,1900,Danmark,1,"surname+birth_year (auto, single candidate)",NOT individually human-verified -- candidate for review before use as an authority mapping
Reg0068100,"Hecksher, Wilhelmine (1850–1871)",20499,Wilhelmine Hecksher,1850,1871,Danmark,1,"surname+birth_year (auto, single candidate)",NOT individually human-verified -- candidate for review before use as an authority mapping
Reg0106420,"Robertson, Patrick, Lord (1794–1855)",20506,Patrick Robertson,1794,1855,England,1,"surname+birth_year (auto, single candidate)",NOT individually human-verified -- candidate for review before use as an authority mapping
Reg0084450,"Lewinsky, Josef (1835–1907)",20515,Joseph Lewinsky,1835,27-0,Østrig,1,"surname+birth_year (auto, single candidate)",NOT individually human-verified -- candidate for review before use as an authority mapping
Reg0034740,"Bardua, Caroline (1781–1864)",20517,Caroline Bardua,1781,1864,Tyskland,1,"surname+birth_year (auto, single candidate)",NOT individually human-verified -- candidate for review before use as an authority mapping
Reg0121150,"Teilmann, Anna Cathrine, f. Høegh (1801–1892)",20520,"Anna Cathrine, f. Høegh Teilmann",1801,1892,Danmark,1,"surname+birth_year (auto, single candidate)",NOT individually human-verified -- candidate for review before use as an authority mapping
Reg0117090,"Sporon, Antoinette Marie Christiane, f. Berregaard (1834–1903)",20521,"Antoinette Marie Christaine, f. Berregaard Sporon",1834,1903,Danmark,1,"surname+birth_year (auto, single candidate)",NOT individually human-verified -- candidate for review before use as an authority mapping
Reg0048910,"Coninck, Adolphe Louis Charles de (1814–1872)",20524,Adolphe Louis Charles de Coninck,1814,1872,Danmark,1,"surname+birth_year (auto, single candidate)",NOT individually human-verified -- candidate for review before use as an authority mapping
Reg0103900,"Ramberg, Arthur von, Friherre (1819–1875)",20528,Arthur von Ramberg,1819,1875,Tyskland,1,"surname+birth_year (auto, single candidate)",NOT individually human-verified -- candidate for review before use as an authority mapping
Reg0080380,"Kraukling, Carl Konstantin (1792–1873)",20530,Carl Konstantin Kraukling,1792,1873,Tyskland,1,"surname+birth_year (auto, single candidate)",NOT individually human-verified -- candidate for review before use as an authority mapping
Reg0114700,"Seebach, Marie (1834–1897)",20532,Marie Seebach,1834,1897,Tyskland,1,"surname+birth_year (auto, single candidate)",NOT individually human-verified -- candidate for review before use as an authority mapping
